# Blender v3.0.1 OBJ File: ''
# www.blender.org
mtllib thruster_bld_min.mtl
o thruster_bld
v 0.373162 0.155281 0.093125
v 0.376614 0.153417 0.092729
v 0.369615 0.163170 0.091553
v 0.377995 0.163573 0.122248
v 0.379788 0.167007 0.122603
v 0.381607 0.160481 0.122991
v 0.383796 0.163861 0.124713
v 0.384133 0.156768 0.121470
v 0.375455 0.154640 0.117098
v 0.369132 0.164909 0.117064
v 0.384424 0.146503 0.110505
v 0.367974 0.154113 0.106517
v 0.368083 0.153728 0.102378
v 0.384541 0.148280 0.100832
v 0.384905 0.150401 0.092470
v 0.360236 0.165429 0.104642
v 0.384669 0.184536 0.098521
v 0.369881 0.168650 0.091393
v 0.376183 0.175972 0.092199
v 0.367626 0.176677 0.102641
v 0.376569 0.177300 0.116647
v 0.383226 0.175493 0.121397
v 0.384531 0.182482 0.108399
v 0.367985 0.177001 0.106871
v 0.373413 0.175080 0.117240
v 0.383829 0.171933 0.123399
v 0.385079 0.167903 0.123463
v 0.384675 0.159796 0.087102
v 0.371186 0.149289 0.100312
v 0.371528 0.156092 0.090240
v 0.380099 0.164454 0.085507
v 0.358615 0.165212 0.104500
v 0.381601 0.155397 0.121806
v 0.384879 0.145079 0.104500
v 0.373471 0.147911 0.108625
v 0.368438 0.170323 0.118575
v 0.370039 0.158314 0.118517
v 0.367598 0.152203 0.107327
v 0.384885 0.152696 0.105095
v 0.384894 0.147887 0.104192
v 0.381733 0.149967 0.101836
v 0.381729 0.151806 0.106838
v 0.378461 0.154585 0.104664
v 0.384654 0.183472 0.115001
v 0.384888 0.178514 0.105952
v 0.384896 0.179807 0.102060
v 0.384098 0.169762 0.085019
v 0.384494 0.170544 0.087409
v 0.381721 0.178794 0.103540
v 0.381623 0.184617 0.103839
v 0.381728 0.181043 0.107542
v 0.378448 0.176241 0.104626
v 0.369057 0.180028 0.108685
v 0.370489 0.171494 0.089112
v 0.371364 0.181706 0.100297
v 0.381628 0.146185 0.104167
v 0.379694 0.165676 0.089303
v 0.379003 0.165850 0.090916
v 0.378626 0.165230 0.117756
v 0.408607 0.123009 0.103648
v 0.409008 0.122375 0.106789
v 0.412303 0.121760 0.105035
v 0.411019 0.129474 0.104630
v 0.413533 0.166618 0.148216
v 0.418228 0.164063 0.144844
v 0.408718 0.164523 0.146932
v 0.408691 0.167491 0.147693
v 0.411019 0.165407 0.140557
v 0.409312 0.208511 0.102247
v 0.411042 0.201337 0.104613
v 0.408669 0.207745 0.105316
v 0.414351 0.208963 0.106725
v 0.409312 0.163024 0.061526
v 0.411042 0.165390 0.068700
v 0.408631 0.166258 0.062233
v 0.414351 0.167502 0.061074
v 0.384810 0.152122 0.121385
v 0.391278 0.161838 0.124585
v 0.400450 0.150338 0.119761
v 0.384972 0.145842 0.104882
v 0.393981 0.145390 0.108336
v 0.384823 0.148618 0.091382
v 0.391284 0.145451 0.101063
v 0.400560 0.144360 0.104280
v 0.400406 0.154803 0.087320
v 0.385278 0.166001 0.084216
v 0.392162 0.161877 0.084695
v 0.385205 0.157752 0.087916
v 0.385316 0.151238 0.106763
v 0.385217 0.149955 0.100621
v 0.385164 0.183144 0.106564
v 0.385298 0.179572 0.102949
v 0.436937 0.156268 0.123783
v 0.400793 0.165525 0.125575
v 0.436933 0.147234 0.093166
v 0.400651 0.164944 0.083826
v 0.436938 0.173997 0.086296
v 0.400399 0.183008 0.094437
v 0.436944 0.184745 0.100198
v 0.436935 0.181430 0.117021
v 0.400423 0.177350 0.121352
v 0.385465 0.170520 0.123139
v 0.384988 0.182543 0.114233
v 0.385438 0.156051 0.104636
v 0.385117 0.149641 0.111882
v 0.385443 0.174763 0.104608
v 0.385157 0.181172 0.097444
v 0.392665 0.169662 0.124141
v 0.392426 0.185377 0.108452
v 0.394530 0.185487 0.100921
v 0.385308 0.176394 0.088884
v 0.399976 0.167520 0.084198
v 0.385132 0.185540 0.104322
v 0.411088 0.168045 0.065585
v 0.418109 0.163965 0.064686
v 0.410966 0.162882 0.065522
v 0.411088 0.204450 0.107266
v 0.418109 0.205351 0.103190
v 0.410964 0.204517 0.102106
v 0.400554 0.186192 0.104832
v 0.411415 0.162986 0.143249
v 0.410964 0.167931 0.143740
v 0.385154 0.164831 0.124457
v 0.418211 0.124525 0.102566
v 0.418746 0.124179 0.108082
v 0.411091 0.126369 0.101999
v 0.410961 0.126295 0.107153
v 0.449679 0.165595 0.059664
v 0.449771 0.142290 0.065796
v 0.405473 0.117575 0.096502
v 0.448749 0.141953 0.144250
v 0.449642 0.160184 0.149513
v 0.443490 0.165534 0.064604
v 0.441518 0.135743 0.130889
v 0.445979 0.157562 0.058993
v 0.408511 0.123436 0.101842
v 0.445686 0.138222 0.134817
v 0.443441 0.154556 0.143289
v 0.448909 0.131779 0.135406
v 0.418620 0.124858 0.106705
v 0.414347 0.129429 0.121491
v 0.417966 0.161880 0.144722
v 0.417153 0.168987 0.143529
v 0.405183 0.128742 0.072753
v 0.405110 0.158004 0.152237
v 0.414479 0.145264 0.139614
v 0.405394 0.136147 0.143268
v 0.404846 0.123279 0.127890
v 0.406389 0.131786 0.075058
v 0.448385 0.134705 0.133918
v 0.449417 0.123152 0.120532
v 0.449762 0.120568 0.100914
v 0.404763 0.155556 0.058342
v 0.406445 0.143106 0.061440
v 0.408100 0.162156 0.061920
v 0.414260 0.147667 0.069060
v 0.442968 0.125455 0.109393
v 0.414307 0.133230 0.081150
v 0.417991 0.168825 0.066053
v 0.418506 0.162044 0.063890
v 0.441859 0.127926 0.091113
v 0.408428 0.163204 0.147834
v 0.407757 0.167333 0.148025
v 0.449662 0.128570 0.078575
v 0.405104 0.117773 0.111060
v 0.448335 0.134755 0.075826
v 0.408222 0.167782 0.061299
v 0.443392 0.139272 0.073862
v 0.408141 0.122289 0.107228
v 0.438275 0.138285 0.132656
v 0.414200 0.167976 0.060926
v 0.410663 0.163116 0.056219
v 0.407849 0.165962 0.055468
v 0.412417 0.167270 0.056235
v 0.413766 0.121698 0.102957
v 0.410017 0.117541 0.106803
v 0.409766 0.117896 0.102706
v 0.436039 0.150597 0.060891
v 0.425922 0.135781 0.068952
v 0.425219 0.122580 0.087084
v 0.423836 0.118819 0.110581
v 0.425047 0.128192 0.132282
v 0.426124 0.145075 0.146217
v 0.423857 0.159616 0.151068
v 0.450027 0.177976 0.147843
v 0.424193 0.171215 0.151016
v 0.449197 0.193199 0.140860
v 0.424420 0.203187 0.131697
v 0.449645 0.207918 0.119287
v 0.423993 0.211814 0.110506
v 0.449463 0.210274 0.098160
v 0.423762 0.212055 0.098855
v 0.424131 0.204104 0.076974
v 0.440823 0.160270 0.055595
v 0.446498 0.164603 0.055563
v 0.436405 0.156364 0.055599
v 0.439778 0.152120 0.055832
v 0.424011 0.160983 0.055479
v 0.419358 0.160479 0.056996
v 0.413813 0.178573 0.056819
v 0.412906 0.173240 0.055883
v 0.440731 0.171535 0.055809
v 0.441473 0.177997 0.055722
v 0.432192 0.167540 0.055790
v 0.427079 0.166035 0.055467
v 0.437572 0.165800 0.055381
v 0.432284 0.163222 0.055764
v 0.429075 0.159415 0.055679
v 0.436892 0.173880 0.055684
v 0.412786 0.157601 0.055938
v 0.428011 0.155124 0.055921
v 0.414879 0.151733 0.056995
v 0.416820 0.164619 0.055580
v 0.426799 0.175886 0.057014
v 0.421971 0.170531 0.055590
v 0.428542 0.172238 0.055464
v 0.422670 0.165130 0.061670
v 0.432146 0.172424 0.061631
v 0.432183 0.177647 0.061628
v 0.439441 0.166624 0.061660
v 0.432133 0.155963 0.061671
v 0.408424 0.158408 0.055935
v 0.405376 0.208798 0.082787
v 0.405033 0.213140 0.098333
v 0.405990 0.193791 0.064623
v 0.405063 0.174402 0.058074
v 0.449911 0.185135 0.064197
v 0.446307 0.172558 0.058973
v 0.445098 0.192427 0.073659
v 0.443382 0.195570 0.078608
v 0.438273 0.192404 0.076671
v 0.449437 0.197093 0.072258
v 0.408479 0.207824 0.107485
v 0.416933 0.205537 0.101370
v 0.414340 0.200050 0.084467
v 0.405321 0.213352 0.111886
v 0.405113 0.204987 0.130613
v 0.405074 0.188777 0.145761
v 0.406231 0.196086 0.142386
v 0.443706 0.204538 0.096056
v 0.414172 0.190333 0.136044
v 0.405399 0.172532 0.152614
v 0.414241 0.184565 0.069655
v 0.418501 0.205629 0.107852
v 0.414395 0.200834 0.121943
v 0.448922 0.204817 0.083012
v 0.444645 0.205185 0.112557
v 0.405081 0.197859 0.071723
v 0.438248 0.193401 0.131691
v 0.448386 0.196194 0.133608
v 0.443161 0.191379 0.134603
v 0.408002 0.208964 0.103050
v 0.442870 0.174863 0.143729
v 0.413810 0.166886 0.148373
v 0.410002 0.167611 0.152552
v 0.409703 0.163632 0.152107
v 0.412402 0.211074 0.104602
v 0.410002 0.213329 0.102423
v 0.409718 0.212817 0.106384
v 0.437462 0.179810 0.060646
v 0.423712 0.118830 0.099052
v 0.413159 0.117759 0.105258
v 0.443275 0.182452 0.092809
v 0.448158 0.185022 0.108906
v 0.434880 0.179804 0.090555
v 0.433406 0.184103 0.113591
v 0.443639 0.165006 0.083277
v 0.433556 0.165897 0.083164
v 0.442982 0.182192 0.116679
v 0.436205 0.180043 0.119060
v 0.442962 0.177471 0.087838
v 0.433443 0.165468 0.126135
v 0.443286 0.177298 0.121702
v 0.443535 0.165810 0.125999
v 0.459552 0.179508 0.101457
v 0.463654 0.172529 0.113079
v 0.472900 0.164742 0.103833
v 0.463629 0.171420 0.095153
v 0.458559 0.163662 0.089697
v 0.449974 0.178416 0.090956
v 0.450032 0.178887 0.117669
v 0.460876 0.161677 0.118364
v 0.459551 0.151306 0.107803
v 0.449214 0.146475 0.098152
v 0.450058 0.152396 0.118069
v 0.450056 0.151967 0.091531
v 0.442963 0.153337 0.121420
v 0.442983 0.148622 0.092581
v 0.443273 0.148362 0.116449
v 0.443261 0.153593 0.087588
v 0.433531 0.147259 0.114170
v 0.433411 0.146738 0.095567
v 0.436207 0.150987 0.119269
v 0.436207 0.150771 0.090199
v 0.438283 0.137441 0.077601
v 0.413161 0.165890 0.152228
v 0.444027 0.164275 0.061645
v 0.407228 0.157537 0.057001
v 0.429883 0.163144 0.059053
v 0.413202 0.157804 0.058654
v 0.430292 0.167817 0.058985
v 0.413130 0.173180 0.058646
v 0.417077 0.168244 0.058595
v 0.439739 0.172932 0.059177
v 0.434094 0.167301 0.058913
v 0.433561 0.163229 0.058922
v 0.439824 0.158098 0.059016
v 0.431766 0.168777 0.115158
v 0.431495 0.165947 0.114498
v 0.431041 0.179242 0.117551
v 0.431045 0.157423 0.123323
v 0.431504 0.168188 0.112302
v 0.430996 0.165369 0.111036
v 0.431044 0.184319 0.101372
v 0.431714 0.171619 0.103199
v 0.431792 0.160117 0.108946
v 0.431042 0.146490 0.102239
v 0.431040 0.173974 0.087735
v 0.431403 0.163929 0.098810
v 0.431046 0.164542 0.096475
v 0.431020 0.161618 0.095451
v 0.431610 0.164218 0.093959
v 0.431042 0.156979 0.087367
v 0.432054 0.163990 0.096874
v 0.432055 0.161979 0.094159
v 0.402043 0.146793 0.096164
v 0.402043 0.146234 0.110275
v 0.402044 0.153094 0.120495
v 0.402038 0.171485 0.123494
v 0.402038 0.182290 0.114734
v 0.402042 0.184473 0.099407
v 0.402041 0.173159 0.085780
v 0.402039 0.159231 0.086000
v 0.409095 0.169825 0.084733
v 0.432062 0.167120 0.083887
v 0.422182 0.185863 0.103561
v 0.432064 0.184977 0.113853
v 0.432061 0.181581 0.092209
v 0.415098 0.184634 0.110968
v 0.425549 0.150711 0.089542
v 0.432053 0.149338 0.091908
v 0.420350 0.155066 0.087364
v 0.411326 0.180985 0.119002
v 0.424236 0.203602 0.101859
v 0.421126 0.151759 0.069711
v 0.424549 0.142979 0.073689
v 0.425861 0.143611 0.079675
v 0.416325 0.162825 0.076133
v 0.432064 0.146424 0.113965
v 0.420441 0.155653 0.122382
v 0.432055 0.164821 0.125294
v 0.425597 0.159687 0.124939
v 0.409040 0.145984 0.110656
v 0.421127 0.142013 0.133905
v 0.424532 0.149792 0.139514
v 0.425789 0.154783 0.135798
v 0.416287 0.142038 0.121014
v 0.429943 0.154671 0.057273
v 0.434175 0.153960 0.058359
v 0.430746 0.153632 0.059784
v 0.430822 0.158333 0.058645
v 0.430214 0.156445 0.060842
v 0.433543 0.157369 0.056519
v 0.433363 0.153825 0.056189
v 0.430817 0.156945 0.056764
v 0.433821 0.158065 0.060035
v 0.433229 0.156926 0.058339
v 0.430778 0.156523 0.058802
v 0.432034 0.153885 0.060458
v 0.432742 0.154498 0.058872
v 0.431987 0.154358 0.057357
v 0.432937 0.157189 0.059969
v 0.434118 0.155870 0.060788
v 0.421492 0.163029 0.058737
v 0.421213 0.167775 0.058735
v 0.425383 0.165254 0.059481
v 0.420452 0.165082 0.061026
v 0.421564 0.163883 0.056631
v 0.421576 0.167312 0.056136
v 0.422281 0.163910 0.058843
v 0.424202 0.164520 0.056939
v 0.424164 0.165438 0.059446
v 0.422906 0.166880 0.057678
v 0.423981 0.164127 0.060699
v 0.422967 0.167494 0.060819
v 0.421227 0.165898 0.059284
v 0.424678 0.166804 0.057135
v 0.431217 0.172266 0.058561
v 0.430761 0.177326 0.059102
v 0.431075 0.173255 0.060637
v 0.430287 0.175693 0.061082
v 0.433920 0.174601 0.056151
v 0.430645 0.176662 0.056421
v 0.431572 0.176364 0.059443
v 0.433255 0.173917 0.058732
v 0.433296 0.175865 0.057505
v 0.431440 0.176212 0.057242
v 0.431426 0.173110 0.056752
v 0.433453 0.176633 0.060519
v 0.433729 0.173044 0.060946
v 0.430646 0.174329 0.058877
v 0.434675 0.175357 0.057836
v 0.440383 0.163079 0.058521
v 0.442597 0.167501 0.056578
v 0.443564 0.164526 0.056718
v 0.439070 0.165892 0.057384
v 0.439660 0.166786 0.061021
v 0.442958 0.167327 0.060620
v 0.443409 0.163462 0.060969
v 0.441638 0.166918 0.059777
v 0.441622 0.163680 0.056853
v 0.442527 0.164206 0.059741
v 0.440212 0.164942 0.056894
v 0.439828 0.164543 0.060652
v 0.442373 0.166660 0.057826
v 0.440158 0.165007 0.058667
v 0.410335 0.166428 0.058073
v 0.410018 0.164494 0.063957
v 0.411008 0.165398 0.056280
v 0.412275 0.165327 0.058754
v 0.410659 0.166643 0.059806
v 0.410831 0.164197 0.058295
v 0.412362 0.165647 0.065160
v 0.410538 0.166629 0.064631
v 0.410802 0.166754 0.061996
v 0.412309 0.164885 0.062190
v 0.410279 0.164300 0.060807
v 0.411096 0.120160 0.105836
v 0.411534 0.117617 0.105585
v 0.412216 0.126274 0.104435
v 0.410387 0.117646 0.103855
v 0.409857 0.120358 0.103975
v 0.410605 0.126616 0.105999
v 0.410446 0.126190 0.103390
v 0.409646 0.124895 0.104644
v 0.410411 0.122932 0.103381
v 0.410484 0.123219 0.105839
v 0.411942 0.120755 0.103891
v 0.412280 0.123779 0.104563
v 0.411268 0.164208 0.149956
v 0.409934 0.165965 0.149634
v 0.410194 0.164717 0.152441
v 0.410535 0.166424 0.142675
v 0.411926 0.165977 0.152354
v 0.411478 0.166716 0.150329
v 0.412152 0.164870 0.143705
v 0.411854 0.164445 0.146327
v 0.411375 0.166813 0.145688
v 0.409876 0.164720 0.147142
v 0.412250 0.165813 0.148204
v 0.409853 0.164807 0.144251
v 0.412106 0.211315 0.103968
v 0.411270 0.212433 0.106123
v 0.411070 0.203888 0.105813
v 0.410856 0.213073 0.104331
v 0.409872 0.209844 0.104339
v 0.410644 0.210186 0.105916
v 0.412242 0.204948 0.103791
v 0.409766 0.204412 0.104029
v 0.411709 0.207463 0.103475
v 0.409686 0.206890 0.104563
v 0.412015 0.209525 0.103823
v 0.411739 0.206187 0.105794
v 0.411565 0.208097 0.105875
v 0.380208 0.183944 0.104468
v 0.382313 0.181807 0.103197
v 0.379259 0.179795 0.103107
v 0.389152 0.182892 0.104666
v 0.387038 0.181399 0.103099
v 0.384073 0.179928 0.105415
v 0.386860 0.182728 0.104856
v 0.381791 0.179461 0.106428
v 0.383437 0.181008 0.103156
v 0.388622 0.180266 0.103395
v 0.384483 0.182460 0.105555
v 0.387924 0.180440 0.105899
v 0.385346 0.181001 0.103104
v 0.382434 0.181637 0.106115
v 0.385810 0.180493 0.105923
v 0.378774 0.181140 0.107187
v 0.382522 0.150702 0.105989
v 0.378728 0.150139 0.102146
v 0.379476 0.150927 0.105347
v 0.389324 0.150167 0.103403
v 0.385882 0.150607 0.105651
v 0.384433 0.148616 0.105810
v 0.382276 0.147719 0.104952
v 0.384092 0.151095 0.104502
v 0.387883 0.150529 0.105841
v 0.386910 0.148213 0.105427
v 0.382851 0.149389 0.102844
v 0.388778 0.148106 0.105137
v 0.387891 0.150111 0.103228
v 0.385623 0.149236 0.103122
v 0.379172 0.147661 0.105511
v 0.373162 0.155281 0.093125
v 0.373162 0.155281 0.093125
v 0.373162 0.155281 0.093125
v 0.373162 0.155281 0.093125
v 0.373162 0.155281 0.093125
v 0.376614 0.153417 0.092729
v 0.376614 0.153417 0.092729
v 0.376614 0.153417 0.092729
v 0.373413 0.175080 0.117240
v 0.373413 0.175080 0.117240
v 0.373413 0.175080 0.117240
v 0.373413 0.175080 0.117240
v 0.373413 0.175080 0.117240
v 0.360236 0.165429 0.104642
v 0.360236 0.165429 0.104642
v 0.360236 0.165429 0.104642
v 0.360236 0.165429 0.104642
v 0.360236 0.165429 0.104642
v 0.360236 0.165429 0.104642
v 0.360236 0.165429 0.104642
v 0.360236 0.165429 0.104642
v 0.360236 0.165429 0.104642
v 0.413202 0.157804 0.058654
v 0.413202 0.157804 0.058654
v 0.413202 0.157804 0.058654
v 0.413202 0.157804 0.058654
v 0.416820 0.164619 0.055580
v 0.416820 0.164619 0.055580
v 0.416820 0.164619 0.055580
v 0.416820 0.164619 0.055580
v 0.416820 0.164619 0.055580
v 0.416820 0.164619 0.055580
v 0.416820 0.164619 0.055580
v 0.371528 0.156092 0.090240
v 0.371528 0.156092 0.090240
v 0.371528 0.156092 0.090240
v 0.371528 0.156092 0.090240
v 0.371528 0.156092 0.090240
v 0.358615 0.165212 0.104500
v 0.358615 0.165212 0.104500
v 0.358615 0.165212 0.104500
v 0.358615 0.165212 0.104500
v 0.358615 0.165212 0.104500
v 0.358615 0.165212 0.104500
v 0.358615 0.165212 0.104500
v 0.381628 0.146185 0.104167
v 0.381628 0.146185 0.104167
v 0.381628 0.146185 0.104167
v 0.381628 0.146185 0.104167
v 0.381628 0.146185 0.104167
v 0.381628 0.146185 0.104167
v 0.371186 0.149289 0.100312
v 0.371186 0.149289 0.100312
v 0.371186 0.149289 0.100312
v 0.371186 0.149289 0.100312
v 0.371186 0.149289 0.100312
v 0.371186 0.149289 0.100312
v 0.371186 0.149289 0.100312
v 0.439824 0.158098 0.059016
v 0.439824 0.158098 0.059016
v 0.439824 0.158098 0.059016
v 0.436405 0.156364 0.055599
v 0.436405 0.156364 0.055599
v 0.436405 0.156364 0.055599
v 0.436405 0.156364 0.055599
v 0.436405 0.156364 0.055599
v 0.436405 0.156364 0.055599
v 0.436405 0.156364 0.055599
v 0.431045 0.157423 0.123323
v 0.431045 0.157423 0.123323
v 0.431045 0.157423 0.123323
v 0.431045 0.157423 0.123323
v 0.431045 0.157423 0.123323
v 0.431045 0.157423 0.123323
v 0.431045 0.157423 0.123323
v 0.430996 0.165369 0.111036
v 0.430996 0.165369 0.111036
v 0.430996 0.165369 0.111036
v 0.430996 0.165369 0.111036
v 0.430996 0.165369 0.111036
v 0.402044 0.153094 0.120495
v 0.402044 0.153094 0.120495
v 0.402044 0.153094 0.120495
v 0.402044 0.153094 0.120495
v 0.402044 0.153094 0.120495
v 0.402044 0.153094 0.120495
v 0.389152 0.182892 0.104666
v 0.389152 0.182892 0.104666
v 0.388622 0.180266 0.103395
v 0.388622 0.180266 0.103395
v 0.388622 0.180266 0.103395
v 0.387924 0.180440 0.105899
v 0.387924 0.180440 0.105899
v 0.387924 0.180440 0.105899
v 0.387924 0.180440 0.105899
v 0.432054 0.163990 0.096874
v 0.432054 0.163990 0.096874
v 0.432054 0.163990 0.096874
v 0.432054 0.163990 0.096874
v 0.432054 0.163990 0.096874
v 0.432054 0.163990 0.096874
v 0.432054 0.163990 0.096874
v 0.431714 0.171619 0.103199
v 0.431714 0.171619 0.103199
v 0.431714 0.171619 0.103199
v 0.431714 0.171619 0.103199
v 0.431714 0.171619 0.103199
v 0.431714 0.171619 0.103199
v 0.431714 0.171619 0.103199
v 0.431714 0.171619 0.103199
v 0.431714 0.171619 0.103199
v 0.431714 0.171619 0.103199
v 0.431714 0.171619 0.103199
v 0.431403 0.163929 0.098810
v 0.431403 0.163929 0.098810
v 0.431403 0.163929 0.098810
v 0.431403 0.163929 0.098810
v 0.431403 0.163929 0.098810
v 0.381623 0.184617 0.103839
v 0.381623 0.184617 0.103839
v 0.381623 0.184617 0.103839
v 0.381623 0.184617 0.103839
v 0.381623 0.184617 0.103839
v 0.381623 0.184617 0.103839
v 0.381623 0.184617 0.103839
v 0.369057 0.180028 0.108685
v 0.369057 0.180028 0.108685
v 0.369057 0.180028 0.108685
v 0.369057 0.180028 0.108685
v 0.369057 0.180028 0.108685
v 0.369057 0.180028 0.108685
v 0.432062 0.167120 0.083887
v 0.432062 0.167120 0.083887
v 0.432062 0.167120 0.083887
v 0.432062 0.167120 0.083887
v 0.432062 0.167120 0.083887
v 0.432062 0.167120 0.083887
v 0.432062 0.167120 0.083887
v 0.432062 0.167120 0.083887
v 0.371364 0.181706 0.100297
v 0.371364 0.181706 0.100297
v 0.371364 0.181706 0.100297
v 0.371364 0.181706 0.100297
v 0.371364 0.181706 0.100297
v 0.381721 0.178794 0.103540
v 0.381721 0.178794 0.103540
v 0.381721 0.178794 0.103540
v 0.381721 0.178794 0.103540
v 0.381721 0.178794 0.103540
v 0.432053 0.149338 0.091908
v 0.432053 0.149338 0.091908
v 0.432053 0.149338 0.091908
v 0.432053 0.149338 0.091908
v 0.432053 0.149338 0.091908
v 0.432064 0.146424 0.113965
v 0.432064 0.146424 0.113965
v 0.432064 0.146424 0.113965
v 0.432064 0.146424 0.113965
v 0.432064 0.146424 0.113965
v 0.402038 0.171485 0.123494
v 0.402038 0.171485 0.123494
v 0.402038 0.171485 0.123494
v 0.402038 0.171485 0.123494
v 0.402038 0.171485 0.123494
v 0.402038 0.171485 0.123494
v 0.402038 0.171485 0.123494
v 0.425597 0.159687 0.124939
v 0.425597 0.159687 0.124939
v 0.425597 0.159687 0.124939
v 0.425597 0.159687 0.124939
v 0.425597 0.159687 0.124939
v 0.425597 0.159687 0.124939
v 0.425597 0.159687 0.124939
v 0.434175 0.153960 0.058359
v 0.434175 0.153960 0.058359
v 0.434175 0.153960 0.058359
v 0.434175 0.153960 0.058359
v 0.434175 0.153960 0.058359
v 0.434118 0.155870 0.060788
v 0.434118 0.155870 0.060788
v 0.434118 0.155870 0.060788
v 0.434118 0.155870 0.060788
v 0.434118 0.155870 0.060788
v 0.409312 0.208511 0.102247
v 0.409312 0.208511 0.102247
v 0.409312 0.208511 0.102247
v 0.409312 0.208511 0.102247
v 0.411042 0.201337 0.104613
v 0.411042 0.201337 0.104613
v 0.384972 0.145842 0.104882
v 0.384972 0.145842 0.104882
v 0.384972 0.145842 0.104882
v 0.384972 0.145842 0.104882
v 0.384972 0.145842 0.104882
v 0.384972 0.145842 0.104882
v 0.384972 0.145842 0.104882
v 0.384972 0.145842 0.104882
v 0.384823 0.148618 0.091382
v 0.384823 0.148618 0.091382
v 0.384823 0.148618 0.091382
v 0.384823 0.148618 0.091382
v 0.384823 0.148618 0.091382
v 0.384823 0.148618 0.091382
v 0.384823 0.148618 0.091382
v 0.385316 0.151238 0.106763
v 0.385316 0.151238 0.106763
v 0.385316 0.151238 0.106763
v 0.385117 0.149641 0.111882
v 0.385117 0.149641 0.111882
v 0.385117 0.149641 0.111882
v 0.385117 0.149641 0.111882
v 0.433821 0.158065 0.060035
v 0.433821 0.158065 0.060035
v 0.433821 0.158065 0.060035
v 0.433821 0.158065 0.060035
v 0.400423 0.177350 0.121352
v 0.400423 0.177350 0.121352
v 0.400423 0.177350 0.121352
v 0.400423 0.177350 0.121352
v 0.400423 0.177350 0.121352
v 0.400423 0.177350 0.121352
v 0.385465 0.170520 0.123139
v 0.385465 0.170520 0.123139
v 0.385465 0.170520 0.123139
v 0.385465 0.170520 0.123139
v 0.421492 0.163029 0.058737
v 0.421492 0.163029 0.058737
v 0.421492 0.163029 0.058737
v 0.421492 0.163029 0.058737
v 0.421492 0.163029 0.058737
v 0.421492 0.163029 0.058737
v 0.423981 0.164127 0.060699
v 0.423981 0.164127 0.060699
v 0.423981 0.164127 0.060699
v 0.423981 0.164127 0.060699
v 0.423981 0.164127 0.060699
v 0.423981 0.164127 0.060699
v 0.424549 0.142979 0.073689
v 0.424549 0.142979 0.073689
v 0.416325 0.162825 0.076133
v 0.416325 0.162825 0.076133
v 0.414351 0.208963 0.106725
v 0.414351 0.208963 0.106725
v 0.414351 0.208963 0.106725
v 0.414351 0.208963 0.106725
v 0.418109 0.205351 0.103190
v 0.418109 0.205351 0.103190
v 0.418109 0.205351 0.103190
v 0.418109 0.205351 0.103190
v 0.418109 0.205351 0.103190
v 0.424164 0.165438 0.059446
v 0.424164 0.165438 0.059446
v 0.424164 0.165438 0.059446
v 0.424164 0.165438 0.059446
v 0.424164 0.165438 0.059446
v 0.412303 0.121760 0.105035
v 0.412303 0.121760 0.105035
v 0.412303 0.121760 0.105035
v 0.412303 0.121760 0.105035
v 0.418211 0.124525 0.102566
v 0.418211 0.124525 0.102566
v 0.418211 0.124525 0.102566
v 0.418211 0.124525 0.102566
v 0.418211 0.124525 0.102566
v 0.418211 0.124525 0.102566
v 0.441622 0.163680 0.056853
v 0.441622 0.163680 0.056853
v 0.441622 0.163680 0.056853
v 0.441622 0.163680 0.056853
v 0.441622 0.163680 0.056853
v 0.441622 0.163680 0.056853
v 0.441622 0.163680 0.056853
v 0.443564 0.164526 0.056718
v 0.443564 0.164526 0.056718
v 0.443564 0.164526 0.056718
v 0.443564 0.164526 0.056718
v 0.443564 0.164526 0.056718
v 0.440383 0.163079 0.058521
v 0.440383 0.163079 0.058521
v 0.440383 0.163079 0.058521
v 0.440383 0.163079 0.058521
v 0.440383 0.163079 0.058521
v 0.421971 0.170531 0.055590
v 0.421971 0.170531 0.055590
v 0.421971 0.170531 0.055590
v 0.421971 0.170531 0.055590
v 0.421971 0.170531 0.055590
v 0.421971 0.170531 0.055590
v 0.433363 0.153825 0.056189
v 0.433363 0.153825 0.056189
v 0.433363 0.153825 0.056189
v 0.433363 0.153825 0.056189
v 0.429943 0.154671 0.057273
v 0.429943 0.154671 0.057273
v 0.429943 0.154671 0.057273
v 0.429943 0.154671 0.057273
v 0.444645 0.205185 0.112557
v 0.444645 0.205185 0.112557
v 0.444645 0.205185 0.112557
v 0.444645 0.205185 0.112557
v 0.444645 0.205185 0.112557
v 0.444645 0.205185 0.112557
v 0.438248 0.193401 0.131691
v 0.438248 0.193401 0.131691
v 0.438248 0.193401 0.131691
v 0.438248 0.193401 0.131691
v 0.438248 0.193401 0.131691
v 0.438248 0.193401 0.131691
v 0.450027 0.177976 0.147843
v 0.450027 0.177976 0.147843
v 0.450027 0.177976 0.147843
v 0.450027 0.177976 0.147843
v 0.450027 0.177976 0.147843
v 0.450027 0.177976 0.147843
v 0.448386 0.196194 0.133608
v 0.448386 0.196194 0.133608
v 0.448386 0.196194 0.133608
v 0.448386 0.196194 0.133608
v 0.448386 0.196194 0.133608
v 0.448386 0.196194 0.133608
v 0.448386 0.196194 0.133608
v 0.448386 0.196194 0.133608
v 0.410002 0.213329 0.102423
v 0.410002 0.213329 0.102423
v 0.410002 0.213329 0.102423
v 0.410002 0.213329 0.102423
v 0.423762 0.212055 0.098855
v 0.423762 0.212055 0.098855
v 0.423762 0.212055 0.098855
v 0.423762 0.212055 0.098855
v 0.423762 0.212055 0.098855
v 0.423762 0.212055 0.098855
v 0.409857 0.120358 0.103975
v 0.409857 0.120358 0.103975
v 0.409857 0.120358 0.103975
v 0.409857 0.120358 0.103975
v 0.410411 0.122932 0.103381
v 0.410411 0.122932 0.103381
v 0.410411 0.122932 0.103381
v 0.410411 0.122932 0.103381
v 0.460876 0.161677 0.118364
v 0.460876 0.161677 0.118364
v 0.460876 0.161677 0.118364
v 0.460876 0.161677 0.118364
v 0.460876 0.161677 0.118364
v 0.460876 0.161677 0.118364
v 0.443286 0.177298 0.121702
v 0.443286 0.177298 0.121702
v 0.443286 0.177298 0.121702
v 0.443286 0.177298 0.121702
v 0.443286 0.177298 0.121702
v 0.443286 0.177298 0.121702
v 0.443273 0.148362 0.116449
v 0.443273 0.148362 0.116449
v 0.443273 0.148362 0.116449
v 0.443273 0.148362 0.116449
v 0.443273 0.148362 0.116449
v 0.443273 0.148362 0.116449
v 0.459551 0.151306 0.107803
v 0.459551 0.151306 0.107803
v 0.459551 0.151306 0.107803
v 0.459551 0.151306 0.107803
v 0.449974 0.178416 0.090956
v 0.449974 0.178416 0.090956
v 0.449974 0.178416 0.090956
v 0.449974 0.178416 0.090956
v 0.449974 0.178416 0.090956
v 0.449974 0.178416 0.090956
v 0.449974 0.178416 0.090956
v 0.449437 0.197093 0.072258
v 0.449437 0.197093 0.072258
v 0.449437 0.197093 0.072258
v 0.449437 0.197093 0.072258
v 0.449437 0.197093 0.072258
v 0.449437 0.197093 0.072258
v 0.449437 0.197093 0.072258
v 0.450032 0.178887 0.117669
v 0.450032 0.178887 0.117669
v 0.450032 0.178887 0.117669
v 0.450032 0.178887 0.117669
v 0.450032 0.178887 0.117669
v 0.443161 0.191379 0.134603
v 0.443161 0.191379 0.134603
v 0.443161 0.191379 0.134603
v 0.443161 0.191379 0.134603
v 0.443161 0.191379 0.134603
v 0.443161 0.191379 0.134603
v 0.449463 0.210274 0.098160
v 0.449463 0.210274 0.098160
v 0.449463 0.210274 0.098160
v 0.449463 0.210274 0.098160
v 0.449463 0.210274 0.098160
v 0.449463 0.210274 0.098160
v 0.449463 0.210274 0.098160
v 0.448922 0.204817 0.083012
v 0.448922 0.204817 0.083012
v 0.448922 0.204817 0.083012
v 0.426799 0.175886 0.057014
v 0.426799 0.175886 0.057014
v 0.426799 0.175886 0.057014
v 0.426799 0.175886 0.057014
v 0.426799 0.175886 0.057014
v 0.426799 0.175886 0.057014
v 0.426799 0.175886 0.057014
v 0.430292 0.167817 0.058985
v 0.430292 0.167817 0.058985
v 0.430292 0.167817 0.058985
v 0.430292 0.167817 0.058985
v 0.430292 0.167817 0.058985
v 0.430292 0.167817 0.058985
v 0.419358 0.160479 0.056996
v 0.419358 0.160479 0.056996
v 0.419358 0.160479 0.056996
v 0.419358 0.160479 0.056996
v 0.411709 0.207463 0.103475
v 0.411709 0.207463 0.103475
v 0.411709 0.207463 0.103475
v 0.411709 0.207463 0.103475
v 0.411709 0.207463 0.103475
v 0.411739 0.206187 0.105794
v 0.411739 0.206187 0.105794
v 0.411739 0.206187 0.105794
v 0.411739 0.206187 0.105794
v 0.411739 0.206187 0.105794
v 0.369615 0.163170 0.091553
v 0.369615 0.163170 0.091553
v 0.369615 0.163170 0.091553
v 0.369615 0.163170 0.091553
v 0.369615 0.163170 0.091553
v 0.384675 0.159796 0.087102
v 0.384675 0.159796 0.087102
v 0.384675 0.159796 0.087102
v 0.384675 0.159796 0.087102
v 0.384675 0.159796 0.087102
v 0.431766 0.168777 0.115158
v 0.431766 0.168777 0.115158
v 0.431766 0.168777 0.115158
v 0.431766 0.168777 0.115158
v 0.431766 0.168777 0.115158
v 0.431766 0.168777 0.115158
v 0.431495 0.165947 0.114498
v 0.431495 0.165947 0.114498
v 0.431495 0.165947 0.114498
v 0.431495 0.165947 0.114498
v 0.431495 0.165947 0.114498
v 0.384888 0.178514 0.105952
v 0.384888 0.178514 0.105952
v 0.384888 0.178514 0.105952
v 0.384888 0.178514 0.105952
v 0.381728 0.181043 0.107542
v 0.381728 0.181043 0.107542
v 0.381728 0.181043 0.107542
v 0.381728 0.181043 0.107542
v 0.431046 0.164542 0.096475
v 0.431046 0.164542 0.096475
v 0.431046 0.164542 0.096475
v 0.431046 0.164542 0.096475
v 0.431040 0.173974 0.087735
v 0.431040 0.173974 0.087735
v 0.431040 0.173974 0.087735
v 0.431040 0.173974 0.087735
v 0.431040 0.173974 0.087735
v 0.431040 0.173974 0.087735
v 0.431040 0.173974 0.087735
v 0.431040 0.173974 0.087735
v 0.431610 0.164218 0.093959
v 0.431610 0.164218 0.093959
v 0.431610 0.164218 0.093959
v 0.431610 0.164218 0.093959
v 0.431610 0.164218 0.093959
v 0.431610 0.164218 0.093959
v 0.402042 0.184473 0.099407
v 0.402042 0.184473 0.099407
v 0.402042 0.184473 0.099407
v 0.402042 0.184473 0.099407
v 0.402042 0.184473 0.099407
v 0.402042 0.184473 0.099407
v 0.402041 0.173159 0.085780
v 0.402041 0.173159 0.085780
v 0.402041 0.173159 0.085780
v 0.402041 0.173159 0.085780
v 0.402041 0.173159 0.085780
v 0.415098 0.184634 0.110968
v 0.415098 0.184634 0.110968
v 0.415098 0.184634 0.110968
v 0.415098 0.184634 0.110968
v 0.422182 0.185863 0.103561
v 0.422182 0.185863 0.103561
v 0.422182 0.185863 0.103561
v 0.422182 0.185863 0.103561
v 0.422182 0.185863 0.103561
v 0.381791 0.179461 0.106428
v 0.381791 0.179461 0.106428
v 0.381791 0.179461 0.106428
v 0.381791 0.179461 0.106428
v 0.381791 0.179461 0.106428
v 0.382434 0.181637 0.106115
v 0.382434 0.181637 0.106115
v 0.382434 0.181637 0.106115
v 0.382434 0.181637 0.106115
v 0.424236 0.203602 0.101859
v 0.424236 0.203602 0.101859
v 0.379694 0.165676 0.089303
v 0.379694 0.165676 0.089303
v 0.379694 0.165676 0.089303
v 0.379694 0.165676 0.089303
v 0.379694 0.165676 0.089303
v 0.379694 0.165676 0.089303
v 0.411326 0.180985 0.119002
v 0.411326 0.180985 0.119002
v 0.411326 0.180985 0.119002
v 0.411326 0.180985 0.119002
v 0.411326 0.180985 0.119002
v 0.368083 0.153728 0.102378
v 0.368083 0.153728 0.102378
v 0.368083 0.153728 0.102378
v 0.368083 0.153728 0.102378
v 0.368083 0.153728 0.102378
v 0.367974 0.154113 0.106517
v 0.367974 0.154113 0.106517
v 0.367974 0.154113 0.106517
v 0.367974 0.154113 0.106517
v 0.379003 0.165850 0.090916
v 0.379003 0.165850 0.090916
v 0.430746 0.153632 0.059784
v 0.430746 0.153632 0.059784
v 0.430746 0.153632 0.059784
v 0.430746 0.153632 0.059784
v 0.430746 0.153632 0.059784
v 0.391284 0.145451 0.101063
v 0.391284 0.145451 0.101063
v 0.391284 0.145451 0.101063
v 0.391284 0.145451 0.101063
v 0.400560 0.144360 0.104280
v 0.400560 0.144360 0.104280
v 0.400560 0.144360 0.104280
v 0.400560 0.144360 0.104280
v 0.400560 0.144360 0.104280
v 0.400560 0.144360 0.104280
v 0.400560 0.144360 0.104280
v 0.400399 0.183008 0.094437
v 0.400399 0.183008 0.094437
v 0.400399 0.183008 0.094437
v 0.400399 0.183008 0.094437
v 0.400399 0.183008 0.094437
v 0.400399 0.183008 0.094437
v 0.400554 0.186192 0.104832
v 0.400554 0.186192 0.104832
v 0.400554 0.186192 0.104832
v 0.400554 0.186192 0.104832
v 0.400554 0.186192 0.104832
v 0.400554 0.186192 0.104832
v 0.400554 0.186192 0.104832
v 0.400554 0.186192 0.104832
v 0.385217 0.149955 0.100621
v 0.385217 0.149955 0.100621
v 0.385217 0.149955 0.100621
v 0.385217 0.149955 0.100621
v 0.394530 0.185487 0.100921
v 0.394530 0.185487 0.100921
v 0.394530 0.185487 0.100921
v 0.394530 0.185487 0.100921
v 0.385132 0.185540 0.104322
v 0.385132 0.185540 0.104322
v 0.385132 0.185540 0.104322
v 0.385132 0.185540 0.104322
v 0.385132 0.185540 0.104322
v 0.385132 0.185540 0.104322
v 0.385132 0.185540 0.104322
v 0.385132 0.185540 0.104322
v 0.385132 0.185540 0.104322
v 0.420452 0.165082 0.061026
v 0.420452 0.165082 0.061026
v 0.420452 0.165082 0.061026
v 0.420452 0.165082 0.061026
v 0.421213 0.167775 0.058735
v 0.421213 0.167775 0.058735
v 0.421213 0.167775 0.058735
v 0.421213 0.167775 0.058735
v 0.421213 0.167775 0.058735
v 0.408631 0.166258 0.062233
v 0.408631 0.166258 0.062233
v 0.408631 0.166258 0.062233
v 0.408631 0.166258 0.062233
v 0.408631 0.166258 0.062233
v 0.410966 0.162882 0.065522
v 0.410966 0.162882 0.065522
v 0.410966 0.162882 0.065522
v 0.410966 0.162882 0.065522
v 0.410966 0.162882 0.065522
v 0.385278 0.166001 0.084216
v 0.385278 0.166001 0.084216
v 0.385278 0.166001 0.084216
v 0.385278 0.166001 0.084216
v 0.385278 0.166001 0.084216
v 0.385278 0.166001 0.084216
v 0.385278 0.166001 0.084216
v 0.421227 0.165898 0.059284
v 0.421227 0.165898 0.059284
v 0.421227 0.165898 0.059284
v 0.421227 0.165898 0.059284
v 0.421227 0.165898 0.059284
v 0.421227 0.165898 0.059284
v 0.411415 0.162986 0.143249
v 0.411415 0.162986 0.143249
v 0.411415 0.162986 0.143249
v 0.400793 0.165525 0.125575
v 0.400793 0.165525 0.125575
v 0.400793 0.165525 0.125575
v 0.400793 0.165525 0.125575
v 0.400793 0.165525 0.125575
v 0.400793 0.165525 0.125575
v 0.400793 0.165525 0.125575
v 0.441518 0.135743 0.130889
v 0.441518 0.135743 0.130889
v 0.441518 0.135743 0.130889
v 0.441518 0.135743 0.130889
v 0.441518 0.135743 0.130889
v 0.441518 0.135743 0.130889
v 0.414479 0.145264 0.139614
v 0.414479 0.145264 0.139614
v 0.414479 0.145264 0.139614
v 0.414479 0.145264 0.139614
v 0.414479 0.145264 0.139614
v 0.414479 0.145264 0.139614
v 0.414479 0.145264 0.139614
v 0.448909 0.131779 0.135406
v 0.448909 0.131779 0.135406
v 0.448909 0.131779 0.135406
v 0.448909 0.131779 0.135406
v 0.448909 0.131779 0.135406
v 0.448909 0.131779 0.135406
v 0.449417 0.123152 0.120532
v 0.449417 0.123152 0.120532
v 0.449417 0.123152 0.120532
v 0.449417 0.123152 0.120532
v 0.449417 0.123152 0.120532
v 0.443490 0.165534 0.064604
v 0.443490 0.165534 0.064604
v 0.443490 0.165534 0.064604
v 0.443490 0.165534 0.064604
v 0.443490 0.165534 0.064604
v 0.443490 0.165534 0.064604
v 0.443490 0.165534 0.064604
v 0.417991 0.168825 0.066053
v 0.417991 0.168825 0.066053
v 0.417991 0.168825 0.066053
v 0.417991 0.168825 0.066053
v 0.417991 0.168825 0.066053
v 0.418506 0.162044 0.063890
v 0.418506 0.162044 0.063890
v 0.418506 0.162044 0.063890
v 0.418506 0.162044 0.063890
v 0.433453 0.176633 0.060519
v 0.433453 0.176633 0.060519
v 0.433453 0.176633 0.060519
v 0.433453 0.176633 0.060519
v 0.433453 0.176633 0.060519
v 0.433453 0.176633 0.060519
v 0.430287 0.175693 0.061082
v 0.430287 0.175693 0.061082
v 0.430287 0.175693 0.061082
v 0.405063 0.174402 0.058074
v 0.405063 0.174402 0.058074
v 0.405063 0.174402 0.058074
v 0.405063 0.174402 0.058074
v 0.405063 0.174402 0.058074
v 0.405063 0.174402 0.058074
v 0.408100 0.162156 0.061920
v 0.408100 0.162156 0.061920
v 0.408100 0.162156 0.061920
v 0.408100 0.162156 0.061920
v 0.408100 0.162156 0.061920
v 0.408100 0.162156 0.061920
v 0.408100 0.162156 0.061920
v 0.431440 0.176212 0.057242
v 0.431440 0.176212 0.057242
v 0.431440 0.176212 0.057242
v 0.430646 0.174329 0.058877
v 0.430646 0.174329 0.058877
v 0.430646 0.174329 0.058877
v 0.430646 0.174329 0.058877
v 0.430646 0.174329 0.058877
v 0.449662 0.128570 0.078575
v 0.449662 0.128570 0.078575
v 0.449662 0.128570 0.078575
v 0.449662 0.128570 0.078575
v 0.449662 0.128570 0.078575
v 0.449662 0.128570 0.078575
v 0.449771 0.142290 0.065796
v 0.449771 0.142290 0.065796
v 0.449771 0.142290 0.065796
v 0.449771 0.142290 0.065796
v 0.449771 0.142290 0.065796
v 0.449771 0.142290 0.065796
v 0.449771 0.142290 0.065796
v 0.387891 0.150111 0.103228
v 0.387891 0.150111 0.103228
v 0.387891 0.150111 0.103228
v 0.387891 0.150111 0.103228
v 0.388778 0.148106 0.105137
v 0.388778 0.148106 0.105137
v 0.388778 0.148106 0.105137
v 0.414200 0.167976 0.060926
v 0.414200 0.167976 0.060926
v 0.414200 0.167976 0.060926
v 0.436039 0.150597 0.060891
v 0.436039 0.150597 0.060891
v 0.436039 0.150597 0.060891
v 0.436039 0.150597 0.060891
v 0.379259 0.179795 0.103107
v 0.379259 0.179795 0.103107
v 0.379259 0.179795 0.103107
v 0.439778 0.152120 0.055832
v 0.439778 0.152120 0.055832
v 0.439778 0.152120 0.055832
v 0.439778 0.152120 0.055832
v 0.439778 0.152120 0.055832
v 0.439778 0.152120 0.055832
v 0.428011 0.155124 0.055921
v 0.428011 0.155124 0.055921
v 0.428011 0.155124 0.055921
v 0.428011 0.155124 0.055921
v 0.428011 0.155124 0.055921
v 0.428011 0.155124 0.055921
v 0.428011 0.155124 0.055921
v 0.414879 0.151733 0.056995
v 0.414879 0.151733 0.056995
v 0.414879 0.151733 0.056995
v 0.414879 0.151733 0.056995
v 0.414879 0.151733 0.056995
v 0.414879 0.151733 0.056995
v 0.449645 0.207918 0.119287
v 0.449645 0.207918 0.119287
v 0.449645 0.207918 0.119287
v 0.449645 0.207918 0.119287
v 0.449645 0.207918 0.119287
v 0.412402 0.211074 0.104602
v 0.412402 0.211074 0.104602
v 0.412402 0.211074 0.104602
v 0.412402 0.211074 0.104602
v 0.412402 0.211074 0.104602
v 0.412402 0.211074 0.104602
v 0.412402 0.211074 0.104602
v 0.410446 0.126190 0.103390
v 0.410446 0.126190 0.103390
v 0.410446 0.126190 0.103390
v 0.410605 0.126616 0.105999
v 0.410605 0.126616 0.105999
v 0.443275 0.182452 0.092809
v 0.443275 0.182452 0.092809
v 0.443275 0.182452 0.092809
v 0.443275 0.182452 0.092809
v 0.443275 0.182452 0.092809
v 0.386860 0.182728 0.104856
v 0.386860 0.182728 0.104856
v 0.386860 0.182728 0.104856
v 0.386860 0.182728 0.104856
v 0.386860 0.182728 0.104856
v 0.386860 0.182728 0.104856
v 0.384483 0.182460 0.105555
v 0.384483 0.182460 0.105555
v 0.384483 0.182460 0.105555
v 0.384483 0.182460 0.105555
v 0.384483 0.182460 0.105555
v 0.463629 0.171420 0.095153
v 0.463629 0.171420 0.095153
v 0.463629 0.171420 0.095153
v 0.443639 0.165006 0.083277
v 0.443639 0.165006 0.083277
v 0.443639 0.165006 0.083277
v 0.443639 0.165006 0.083277
v 0.443639 0.165006 0.083277
v 0.450056 0.151967 0.091531
v 0.450056 0.151967 0.091531
v 0.450056 0.151967 0.091531
v 0.450056 0.151967 0.091531
v 0.450056 0.151967 0.091531
v 0.450056 0.151967 0.091531
v 0.443261 0.153593 0.087588
v 0.443261 0.153593 0.087588
v 0.443261 0.153593 0.087588
v 0.443261 0.153593 0.087588
v 0.412280 0.123779 0.104563
v 0.412280 0.123779 0.104563
v 0.412280 0.123779 0.104563
v 0.412280 0.123779 0.104563
v 0.412280 0.123779 0.104563
v 0.412216 0.126274 0.104435
v 0.412216 0.126274 0.104435
v 0.412216 0.126274 0.104435
v 0.412216 0.126274 0.104435
v 0.434880 0.179804 0.090555
v 0.434880 0.179804 0.090555
v 0.434880 0.179804 0.090555
v 0.434880 0.179804 0.090555
v 0.434880 0.179804 0.090555
v 0.434880 0.179804 0.090555
v 0.433556 0.165897 0.083164
v 0.433556 0.165897 0.083164
v 0.433556 0.165897 0.083164
v 0.433556 0.165897 0.083164
v 0.433556 0.165897 0.083164
v 0.433556 0.165897 0.083164
v 0.433556 0.165897 0.083164
v 0.436207 0.150987 0.119269
v 0.436207 0.150987 0.119269
v 0.436207 0.150987 0.119269
v 0.436207 0.150987 0.119269
v 0.436207 0.150987 0.119269
v 0.381607 0.160481 0.122991
v 0.381607 0.160481 0.122991
v 0.381607 0.160481 0.122991
v 0.381607 0.160481 0.122991
v 0.381607 0.160481 0.122991
v 0.381607 0.160481 0.122991
v 0.383796 0.163861 0.124713
v 0.383796 0.163861 0.124713
v 0.383796 0.163861 0.124713
v 0.383796 0.163861 0.124713
v 0.383796 0.163861 0.124713
v 0.448335 0.134755 0.075826
v 0.448335 0.134755 0.075826
v 0.448335 0.134755 0.075826
v 0.448335 0.134755 0.075826
v 0.448335 0.134755 0.075826
v 0.448335 0.134755 0.075826
v 0.375455 0.154640 0.117098
v 0.375455 0.154640 0.117098
v 0.375455 0.154640 0.117098
v 0.375455 0.154640 0.117098
v 0.375455 0.154640 0.117098
v 0.375455 0.154640 0.117098
v 0.413766 0.121698 0.102957
v 0.413766 0.121698 0.102957
v 0.413766 0.121698 0.102957
v 0.413766 0.121698 0.102957
v 0.413766 0.121698 0.102957
v 0.413159 0.117759 0.105258
v 0.413159 0.117759 0.105258
v 0.413159 0.117759 0.105258
v 0.413159 0.117759 0.105258
v 0.410831 0.164197 0.058295
v 0.410831 0.164197 0.058295
v 0.410831 0.164197 0.058295
v 0.410831 0.164197 0.058295
v 0.412275 0.165327 0.058754
v 0.412275 0.165327 0.058754
v 0.412275 0.165327 0.058754
v 0.412275 0.165327 0.058754
v 0.412275 0.165327 0.058754
v 0.417077 0.168244 0.058595
v 0.417077 0.168244 0.058595
v 0.417077 0.168244 0.058595
v 0.417077 0.168244 0.058595
v 0.409686 0.206890 0.104563
v 0.409686 0.206890 0.104563
v 0.409686 0.206890 0.104563
v 0.409686 0.206890 0.104563
v 0.409686 0.206890 0.104563
v 0.411565 0.208097 0.105875
v 0.411565 0.208097 0.105875
v 0.411565 0.208097 0.105875
v 0.411565 0.208097 0.105875
v 0.411565 0.208097 0.105875
v 0.367598 0.152203 0.107327
v 0.367598 0.152203 0.107327
v 0.367598 0.152203 0.107327
v 0.367598 0.152203 0.107327
v 0.409934 0.165965 0.149634
v 0.409934 0.165965 0.149634
v 0.409934 0.165965 0.149634
v 0.409934 0.165965 0.149634
v 0.409934 0.165965 0.149634
v 0.411478 0.166716 0.150329
v 0.411478 0.166716 0.150329
v 0.411478 0.166716 0.150329
v 0.411478 0.166716 0.150329
v 0.384896 0.179807 0.102060
v 0.384896 0.179807 0.102060
v 0.384896 0.179807 0.102060
v 0.384896 0.179807 0.102060
v 0.384896 0.179807 0.102060
v 0.378448 0.176241 0.104626
v 0.378448 0.176241 0.104626
v 0.378448 0.176241 0.104626
v 0.378448 0.176241 0.104626
v 0.378448 0.176241 0.104626
v 0.431042 0.146490 0.102239
v 0.431042 0.146490 0.102239
v 0.431042 0.146490 0.102239
v 0.431042 0.146490 0.102239
v 0.431042 0.146490 0.102239
v 0.431042 0.146490 0.102239
v 0.402043 0.146234 0.110275
v 0.402043 0.146234 0.110275
v 0.402043 0.146234 0.110275
v 0.431792 0.160117 0.108946
v 0.431792 0.160117 0.108946
v 0.431792 0.160117 0.108946
v 0.431792 0.160117 0.108946
v 0.431792 0.160117 0.108946
v 0.431792 0.160117 0.108946
v 0.431792 0.160117 0.108946
v 0.431792 0.160117 0.108946
v 0.431792 0.160117 0.108946
v 0.431792 0.160117 0.108946
v 0.431792 0.160117 0.108946
v 0.424532 0.149792 0.139514
v 0.424532 0.149792 0.139514
v 0.416287 0.142038 0.121014
v 0.416287 0.142038 0.121014
v 0.392162 0.161877 0.084695
v 0.392162 0.161877 0.084695
v 0.392162 0.161877 0.084695
v 0.392162 0.161877 0.084695
v 0.385205 0.157752 0.087916
v 0.385205 0.157752 0.087916
v 0.385205 0.157752 0.087916
v 0.385205 0.157752 0.087916
v 0.432937 0.157189 0.059969
v 0.432937 0.157189 0.059969
v 0.432937 0.157189 0.059969
v 0.432937 0.157189 0.059969
v 0.432937 0.157189 0.059969
v 0.385298 0.179572 0.102949
v 0.385298 0.179572 0.102949
v 0.385298 0.179572 0.102949
v 0.385443 0.174763 0.104608
v 0.385443 0.174763 0.104608
v 0.385443 0.174763 0.104608
v 0.385443 0.174763 0.104608
v 0.385443 0.174763 0.104608
v 0.385443 0.174763 0.104608
v 0.385443 0.174763 0.104608
v 0.384092 0.151095 0.104502
v 0.384092 0.151095 0.104502
v 0.384092 0.151095 0.104502
v 0.384092 0.151095 0.104502
v 0.382851 0.149389 0.102844
v 0.382851 0.149389 0.102844
v 0.382851 0.149389 0.102844
v 0.382851 0.149389 0.102844
v 0.382851 0.149389 0.102844
v 0.385154 0.164831 0.124457
v 0.385154 0.164831 0.124457
v 0.385154 0.164831 0.124457
v 0.385154 0.164831 0.124457
v 0.385154 0.164831 0.124457
v 0.385154 0.164831 0.124457
v 0.385154 0.164831 0.124457
v 0.385154 0.164831 0.124457
v 0.410964 0.167931 0.143740
v 0.410964 0.167931 0.143740
v 0.410964 0.167931 0.143740
v 0.410964 0.167931 0.143740
v 0.410964 0.167931 0.143740
v 0.410964 0.167931 0.143740
v 0.411019 0.129474 0.104630
v 0.411019 0.129474 0.104630
v 0.422281 0.163910 0.058843
v 0.422281 0.163910 0.058843
v 0.422281 0.163910 0.058843
v 0.422281 0.163910 0.058843
v 0.424202 0.164520 0.056939
v 0.424202 0.164520 0.056939
v 0.424202 0.164520 0.056939
v 0.424202 0.164520 0.056939
v 0.424202 0.164520 0.056939
v 0.424202 0.164520 0.056939
v 0.424202 0.164520 0.056939
v 0.411091 0.126369 0.101999
v 0.411091 0.126369 0.101999
v 0.411091 0.126369 0.101999
v 0.443441 0.154556 0.143289
v 0.443441 0.154556 0.143289
v 0.443441 0.154556 0.143289
v 0.443441 0.154556 0.143289
v 0.443441 0.154556 0.143289
v 0.443441 0.154556 0.143289
v 0.443441 0.154556 0.143289
v 0.442968 0.125455 0.109393
v 0.442968 0.125455 0.109393
v 0.442968 0.125455 0.109393
v 0.442968 0.125455 0.109393
v 0.442968 0.125455 0.109393
v 0.442968 0.125455 0.109393
v 0.442968 0.125455 0.109393
v 0.431217 0.172266 0.058561
v 0.431217 0.172266 0.058561
v 0.431217 0.172266 0.058561
v 0.431217 0.172266 0.058561
v 0.431217 0.172266 0.058561
v 0.431217 0.172266 0.058561
v 0.434675 0.175357 0.057836
v 0.434675 0.175357 0.057836
v 0.434675 0.175357 0.057836
v 0.434675 0.175357 0.057836
v 0.434675 0.175357 0.057836
v 0.433920 0.174601 0.056151
v 0.433920 0.174601 0.056151
v 0.433920 0.174601 0.056151
v 0.433920 0.174601 0.056151
v 0.442958 0.167327 0.060620
v 0.442958 0.167327 0.060620
v 0.442958 0.167327 0.060620
v 0.442958 0.167327 0.060620
v 0.442958 0.167327 0.060620
v 0.442958 0.167327 0.060620
v 0.442958 0.167327 0.060620
v 0.439660 0.166786 0.061021
v 0.439660 0.166786 0.061021
v 0.439660 0.166786 0.061021
v 0.443409 0.163462 0.060969
v 0.443409 0.163462 0.060969
v 0.443409 0.163462 0.060969
v 0.443409 0.163462 0.060969
v 0.412786 0.157601 0.055938
v 0.412786 0.157601 0.055938
v 0.412786 0.157601 0.055938
v 0.412786 0.157601 0.055938
v 0.440212 0.164942 0.056894
v 0.440212 0.164942 0.056894
v 0.440212 0.164942 0.056894
v 0.442373 0.166660 0.057826
v 0.442373 0.166660 0.057826
v 0.442373 0.166660 0.057826
v 0.442373 0.166660 0.057826
v 0.442373 0.166660 0.057826
v 0.442373 0.166660 0.057826
v 0.405376 0.208798 0.082787
v 0.405376 0.208798 0.082787
v 0.405376 0.208798 0.082787
v 0.405376 0.208798 0.082787
v 0.405376 0.208798 0.082787
v 0.405990 0.193791 0.064623
v 0.405990 0.193791 0.064623
v 0.405990 0.193791 0.064623
v 0.405990 0.193791 0.064623
v 0.440158 0.165007 0.058667
v 0.440158 0.165007 0.058667
v 0.440158 0.165007 0.058667
v 0.440158 0.165007 0.058667
v 0.440158 0.165007 0.058667
v 0.442527 0.164206 0.059741
v 0.442527 0.164206 0.059741
v 0.442527 0.164206 0.059741
v 0.442527 0.164206 0.059741
v 0.442527 0.164206 0.059741
v 0.442527 0.164206 0.059741
v 0.412250 0.165813 0.148204
v 0.412250 0.165813 0.148204
v 0.412250 0.165813 0.148204
v 0.412250 0.165813 0.148204
v 0.412250 0.165813 0.148204
v 0.406231 0.196086 0.142386
v 0.406231 0.196086 0.142386
v 0.406231 0.196086 0.142386
v 0.406231 0.196086 0.142386
v 0.405399 0.172532 0.152614
v 0.405399 0.172532 0.152614
v 0.405399 0.172532 0.152614
v 0.405399 0.172532 0.152614
v 0.405399 0.172532 0.152614
v 0.405399 0.172532 0.152614
v 0.405399 0.172532 0.152614
v 0.405399 0.172532 0.152614
v 0.410659 0.166643 0.059806
v 0.410659 0.166643 0.059806
v 0.410659 0.166643 0.059806
v 0.410659 0.166643 0.059806
v 0.410659 0.166643 0.059806
v 0.412309 0.164885 0.062190
v 0.412309 0.164885 0.062190
v 0.412309 0.164885 0.062190
v 0.412309 0.164885 0.062190
v 0.412309 0.164885 0.062190
v 0.412309 0.164885 0.062190
v 0.445098 0.192427 0.073659
v 0.445098 0.192427 0.073659
v 0.445098 0.192427 0.073659
v 0.445098 0.192427 0.073659
v 0.445098 0.192427 0.073659
v 0.445098 0.192427 0.073659
v 0.445098 0.192427 0.073659
v 0.443535 0.165810 0.125999
v 0.443535 0.165810 0.125999
v 0.443535 0.165810 0.125999
v 0.383437 0.181008 0.103156
v 0.383437 0.181008 0.103156
v 0.383437 0.181008 0.103156
v 0.383437 0.181008 0.103156
v 0.383437 0.181008 0.103156
v 0.385346 0.181001 0.103104
v 0.385346 0.181001 0.103104
v 0.385346 0.181001 0.103104
v 0.385346 0.181001 0.103104
v 0.385346 0.181001 0.103104
v 0.433411 0.146738 0.095567
v 0.433411 0.146738 0.095567
v 0.433411 0.146738 0.095567
v 0.433411 0.146738 0.095567
v 0.442983 0.148622 0.092581
v 0.442983 0.148622 0.092581
v 0.442983 0.148622 0.092581
v 0.442983 0.148622 0.092581
v 0.442983 0.148622 0.092581
v 0.411375 0.166813 0.145688
v 0.411375 0.166813 0.145688
v 0.411375 0.166813 0.145688
v 0.411375 0.166813 0.145688
v 0.411375 0.166813 0.145688
v 0.411375 0.166813 0.145688
v 0.384133 0.156768 0.121470
v 0.384133 0.156768 0.121470
v 0.384133 0.156768 0.121470
v 0.384541 0.148280 0.100832
v 0.384541 0.148280 0.100832
v 0.384541 0.148280 0.100832
v 0.384541 0.148280 0.100832
v 0.384541 0.148280 0.100832
v 0.384541 0.148280 0.100832
v 0.384541 0.148280 0.100832
v 0.384905 0.150401 0.092470
v 0.384905 0.150401 0.092470
v 0.384905 0.150401 0.092470
v 0.384905 0.150401 0.092470
v 0.384905 0.150401 0.092470
v 0.384905 0.150401 0.092470
v 0.381601 0.155397 0.121806
v 0.381601 0.155397 0.121806
v 0.381601 0.155397 0.121806
v 0.381601 0.155397 0.121806
v 0.378461 0.154585 0.104664
v 0.378461 0.154585 0.104664
v 0.378461 0.154585 0.104664
v 0.378461 0.154585 0.104664
v 0.387038 0.181399 0.103099
v 0.387038 0.181399 0.103099
v 0.387038 0.181399 0.103099
v 0.387038 0.181399 0.103099
v 0.409040 0.145984 0.110656
v 0.409040 0.145984 0.110656
v 0.409040 0.145984 0.110656
v 0.409040 0.145984 0.110656
v 0.409040 0.145984 0.110656
v 0.430214 0.156445 0.060842
v 0.430214 0.156445 0.060842
v 0.430214 0.156445 0.060842
v 0.430214 0.156445 0.060842
v 0.430214 0.156445 0.060842
v 0.430214 0.156445 0.060842
v 0.430817 0.156945 0.056764
v 0.430817 0.156945 0.056764
v 0.430817 0.156945 0.056764
v 0.430817 0.156945 0.056764
v 0.430817 0.156945 0.056764
v 0.430817 0.156945 0.056764
v 0.431987 0.154358 0.057357
v 0.431987 0.154358 0.057357
v 0.431987 0.154358 0.057357
v 0.431987 0.154358 0.057357
v 0.431987 0.154358 0.057357
v 0.385308 0.176394 0.088884
v 0.385308 0.176394 0.088884
v 0.385308 0.176394 0.088884
v 0.385308 0.176394 0.088884
v 0.385308 0.176394 0.088884
v 0.385308 0.176394 0.088884
v 0.385308 0.176394 0.088884
v 0.400450 0.150338 0.119761
v 0.400450 0.150338 0.119761
v 0.400450 0.150338 0.119761
v 0.400450 0.150338 0.119761
v 0.400450 0.150338 0.119761
v 0.400450 0.150338 0.119761
v 0.436933 0.147234 0.093166
v 0.436933 0.147234 0.093166
v 0.436933 0.147234 0.093166
v 0.436933 0.147234 0.093166
v 0.436933 0.147234 0.093166
v 0.391278 0.161838 0.124585
v 0.391278 0.161838 0.124585
v 0.391278 0.161838 0.124585
v 0.391278 0.161838 0.124585
v 0.391278 0.161838 0.124585
v 0.400651 0.164944 0.083826
v 0.400651 0.164944 0.083826
v 0.400651 0.164944 0.083826
v 0.400651 0.164944 0.083826
v 0.400651 0.164944 0.083826
v 0.400651 0.164944 0.083826
v 0.400651 0.164944 0.083826
v 0.422906 0.166880 0.057678
v 0.422906 0.166880 0.057678
v 0.422906 0.166880 0.057678
v 0.422906 0.166880 0.057678
v 0.418620 0.124858 0.106705
v 0.418620 0.124858 0.106705
v 0.418620 0.124858 0.106705
v 0.418620 0.124858 0.106705
v 0.418620 0.124858 0.106705
v 0.414347 0.129429 0.121491
v 0.414347 0.129429 0.121491
v 0.414347 0.129429 0.121491
v 0.414347 0.129429 0.121491
v 0.414347 0.129429 0.121491
v 0.408141 0.122289 0.107228
v 0.408141 0.122289 0.107228
v 0.408141 0.122289 0.107228
v 0.408141 0.122289 0.107228
v 0.408141 0.122289 0.107228
v 0.408141 0.122289 0.107228
v 0.408141 0.122289 0.107228
v 0.430645 0.176662 0.056421
v 0.430645 0.176662 0.056421
v 0.430645 0.176662 0.056421
v 0.430645 0.176662 0.056421
v 0.430645 0.176662 0.056421
v 0.430645 0.176662 0.056421
v 0.431426 0.173110 0.056752
v 0.431426 0.173110 0.056752
v 0.431426 0.173110 0.056752
v 0.431426 0.173110 0.056752
v 0.431426 0.173110 0.056752
v 0.431426 0.173110 0.056752
v 0.404846 0.123279 0.127890
v 0.404846 0.123279 0.127890
v 0.404846 0.123279 0.127890
v 0.404846 0.123279 0.127890
v 0.404846 0.123279 0.127890
v 0.404846 0.123279 0.127890
v 0.404846 0.123279 0.127890
v 0.409853 0.164807 0.144251
v 0.409853 0.164807 0.144251
v 0.409853 0.164807 0.144251
v 0.409853 0.164807 0.144251
v 0.409876 0.164720 0.147142
v 0.409876 0.164720 0.147142
v 0.409876 0.164720 0.147142
v 0.409876 0.164720 0.147142
v 0.409876 0.164720 0.147142
v 0.409766 0.117896 0.102706
v 0.409766 0.117896 0.102706
v 0.409766 0.117896 0.102706
v 0.409766 0.117896 0.102706
v 0.409766 0.117896 0.102706
v 0.409766 0.117896 0.102706
v 0.409766 0.117896 0.102706
v 0.440731 0.171535 0.055809
v 0.440731 0.171535 0.055809
v 0.440731 0.171535 0.055809
v 0.440731 0.171535 0.055809
v 0.440731 0.171535 0.055809
v 0.441473 0.177997 0.055722
v 0.441473 0.177997 0.055722
v 0.441473 0.177997 0.055722
v 0.441473 0.177997 0.055722
v 0.441473 0.177997 0.055722
v 0.441473 0.177997 0.055722
v 0.436892 0.173880 0.055684
v 0.436892 0.173880 0.055684
v 0.436892 0.173880 0.055684
v 0.436892 0.173880 0.055684
v 0.436892 0.173880 0.055684
v 0.436892 0.173880 0.055684
v 0.436892 0.173880 0.055684
v 0.436892 0.173880 0.055684
v 0.429075 0.159415 0.055679
v 0.429075 0.159415 0.055679
v 0.429075 0.159415 0.055679
v 0.429075 0.159415 0.055679
v 0.432133 0.155963 0.061671
v 0.432133 0.155963 0.061671
v 0.408222 0.167782 0.061299
v 0.408222 0.167782 0.061299
v 0.408222 0.167782 0.061299
v 0.408222 0.167782 0.061299
v 0.408222 0.167782 0.061299
v 0.408222 0.167782 0.061299
v 0.408222 0.167782 0.061299
v 0.443706 0.204538 0.096056
v 0.443706 0.204538 0.096056
v 0.443706 0.204538 0.096056
v 0.443706 0.204538 0.096056
v 0.443706 0.204538 0.096056
v 0.443382 0.195570 0.078608
v 0.443382 0.195570 0.078608
v 0.443382 0.195570 0.078608
v 0.443382 0.195570 0.078608
v 0.443382 0.195570 0.078608
v 0.443382 0.195570 0.078608
v 0.443382 0.195570 0.078608
v 0.410279 0.164300 0.060807
v 0.410279 0.164300 0.060807
v 0.410279 0.164300 0.060807
v 0.410279 0.164300 0.060807
v 0.410279 0.164300 0.060807
v 0.405081 0.197859 0.071723
v 0.405081 0.197859 0.071723
v 0.405081 0.197859 0.071723
v 0.405081 0.197859 0.071723
v 0.405081 0.197859 0.071723
v 0.405081 0.197859 0.071723
v 0.405110 0.158004 0.152237
v 0.405110 0.158004 0.152237
v 0.405110 0.158004 0.152237
v 0.405110 0.158004 0.152237
v 0.405110 0.158004 0.152237
v 0.405110 0.158004 0.152237
v 0.405110 0.158004 0.152237
v 0.409703 0.163632 0.152107
v 0.409703 0.163632 0.152107
v 0.409703 0.163632 0.152107
v 0.409703 0.163632 0.152107
v 0.409703 0.163632 0.152107
v 0.409703 0.163632 0.152107
v 0.409703 0.163632 0.152107
v 0.408002 0.208964 0.103050
v 0.408002 0.208964 0.103050
v 0.408002 0.208964 0.103050
v 0.408002 0.208964 0.103050
v 0.408002 0.208964 0.103050
v 0.408002 0.208964 0.103050
v 0.408002 0.208964 0.103050
v 0.408002 0.208964 0.103050
v 0.405033 0.213140 0.098333
v 0.405033 0.213140 0.098333
v 0.405033 0.213140 0.098333
v 0.405033 0.213140 0.098333
v 0.405033 0.213140 0.098333
v 0.405033 0.213140 0.098333
v 0.410387 0.117646 0.103855
v 0.410387 0.117646 0.103855
v 0.410387 0.117646 0.103855
v 0.411942 0.120755 0.103891
v 0.411942 0.120755 0.103891
v 0.411942 0.120755 0.103891
v 0.411942 0.120755 0.103891
v 0.411942 0.120755 0.103891
v 0.411942 0.120755 0.103891
v 0.463654 0.172529 0.113079
v 0.463654 0.172529 0.113079
v 0.463654 0.172529 0.113079
v 0.463654 0.172529 0.113079
v 0.463654 0.172529 0.113079
v 0.436207 0.150771 0.090199
v 0.436207 0.150771 0.090199
v 0.436207 0.150771 0.090199
v 0.436207 0.150771 0.090199
v 0.436207 0.150771 0.090199
v 0.438283 0.137441 0.077601
v 0.438283 0.137441 0.077601
v 0.438283 0.137441 0.077601
v 0.438283 0.137441 0.077601
v 0.438283 0.137441 0.077601
v 0.431504 0.168188 0.112302
v 0.431504 0.168188 0.112302
v 0.431504 0.168188 0.112302
v 0.431504 0.168188 0.112302
v 0.381729 0.151806 0.106838
v 0.381729 0.151806 0.106838
v 0.381729 0.151806 0.106838
v 0.381729 0.151806 0.106838
v 0.381729 0.151806 0.106838
v 0.402043 0.146793 0.096164
v 0.402043 0.146793 0.096164
v 0.402043 0.146793 0.096164
v 0.402043 0.146793 0.096164
v 0.402043 0.146793 0.096164
v 0.402043 0.146793 0.096164
v 0.402043 0.146793 0.096164
v 0.402043 0.146793 0.096164
v 0.432055 0.164821 0.125294
v 0.432055 0.164821 0.125294
v 0.432055 0.164821 0.125294
v 0.432055 0.164821 0.125294
v 0.432055 0.164821 0.125294
v 0.432055 0.164821 0.125294
v 0.432064 0.184977 0.113853
v 0.432064 0.184977 0.113853
v 0.432064 0.184977 0.113853
v 0.432064 0.184977 0.113853
v 0.432064 0.184977 0.113853
v 0.432064 0.184977 0.113853
v 0.409872 0.209844 0.104339
v 0.409872 0.209844 0.104339
v 0.409872 0.209844 0.104339
v 0.409872 0.209844 0.104339
v 0.409872 0.209844 0.104339
v 0.409872 0.209844 0.104339
v 0.409872 0.209844 0.104339
v 0.412015 0.209525 0.103823
v 0.412015 0.209525 0.103823
v 0.412015 0.209525 0.103823
v 0.412015 0.209525 0.103823
v 0.412417 0.167270 0.056235
v 0.412417 0.167270 0.056235
v 0.412417 0.167270 0.056235
v 0.412417 0.167270 0.056235
v 0.412417 0.167270 0.056235
v 0.412417 0.167270 0.056235
v 0.411088 0.168045 0.065585
v 0.411088 0.168045 0.065585
v 0.411088 0.168045 0.065585
v 0.411088 0.168045 0.065585
v 0.411088 0.168045 0.065585
v 0.418228 0.164063 0.144844
v 0.418228 0.164063 0.144844
v 0.418228 0.164063 0.144844
v 0.418228 0.164063 0.144844
v 0.408607 0.123009 0.103648
v 0.408607 0.123009 0.103648
v 0.408607 0.123009 0.103648
v 0.408607 0.123009 0.103648
v 0.408607 0.123009 0.103648
v 0.408607 0.123009 0.103648
v 0.408607 0.123009 0.103648
v 0.439070 0.165892 0.057384
v 0.439070 0.165892 0.057384
v 0.439070 0.165892 0.057384
v 0.439070 0.165892 0.057384
v 0.408669 0.207745 0.105316
v 0.408669 0.207745 0.105316
v 0.408669 0.207745 0.105316
v 0.408669 0.207745 0.105316
v 0.408669 0.207745 0.105316
v 0.408669 0.207745 0.105316
v 0.436938 0.173997 0.086296
v 0.436938 0.173997 0.086296
v 0.436938 0.173997 0.086296
v 0.436938 0.173997 0.086296
v 0.432742 0.154498 0.058872
v 0.432742 0.154498 0.058872
v 0.432742 0.154498 0.058872
v 0.432742 0.154498 0.058872
v 0.385623 0.149236 0.103122
v 0.385623 0.149236 0.103122
v 0.385623 0.149236 0.103122
v 0.385623 0.149236 0.103122
v 0.385623 0.149236 0.103122
v 0.385623 0.149236 0.103122
v 0.384433 0.148616 0.105810
v 0.384433 0.148616 0.105810
v 0.384433 0.148616 0.105810
v 0.384433 0.148616 0.105810
v 0.384433 0.148616 0.105810
v 0.384433 0.148616 0.105810
v 0.384988 0.182543 0.114233
v 0.384988 0.182543 0.114233
v 0.384988 0.182543 0.114233
v 0.384988 0.182543 0.114233
v 0.384988 0.182543 0.114233
v 0.384988 0.182543 0.114233
v 0.392426 0.185377 0.108452
v 0.392426 0.185377 0.108452
v 0.392426 0.185377 0.108452
v 0.392426 0.185377 0.108452
v 0.387883 0.150529 0.105841
v 0.387883 0.150529 0.105841
v 0.387883 0.150529 0.105841
v 0.387883 0.150529 0.105841
v 0.387883 0.150529 0.105841
v 0.421564 0.163883 0.056631
v 0.421564 0.163883 0.056631
v 0.421564 0.163883 0.056631
v 0.421564 0.163883 0.056631
v 0.421564 0.163883 0.056631
v 0.449197 0.193199 0.140860
v 0.449197 0.193199 0.140860
v 0.449197 0.193199 0.140860
v 0.449197 0.193199 0.140860
v 0.449197 0.193199 0.140860
v 0.449197 0.193199 0.140860
v 0.424420 0.203187 0.131697
v 0.424420 0.203187 0.131697
v 0.424420 0.203187 0.131697
v 0.424420 0.203187 0.131697
v 0.424420 0.203187 0.131697
v 0.437572 0.165800 0.055381
v 0.437572 0.165800 0.055381
v 0.437572 0.165800 0.055381
v 0.437572 0.165800 0.055381
v 0.437572 0.165800 0.055381
v 0.437572 0.165800 0.055381
v 0.437572 0.165800 0.055381
v 0.437572 0.165800 0.055381
v 0.432192 0.167540 0.055790
v 0.432192 0.167540 0.055790
v 0.432192 0.167540 0.055790
v 0.432192 0.167540 0.055790
v 0.432192 0.167540 0.055790
v 0.432192 0.167540 0.055790
v 0.422670 0.165130 0.061670
v 0.422670 0.165130 0.061670
v 0.425219 0.122580 0.087084
v 0.425219 0.122580 0.087084
v 0.425219 0.122580 0.087084
v 0.425219 0.122580 0.087084
v 0.425219 0.122580 0.087084
v 0.425219 0.122580 0.087084
v 0.423712 0.118830 0.099052
v 0.423712 0.118830 0.099052
v 0.423712 0.118830 0.099052
v 0.423712 0.118830 0.099052
v 0.410335 0.166428 0.058073
v 0.410335 0.166428 0.058073
v 0.410335 0.166428 0.058073
v 0.411008 0.165398 0.056280
v 0.411008 0.165398 0.056280
v 0.449762 0.120568 0.100914
v 0.449762 0.120568 0.100914
v 0.449762 0.120568 0.100914
v 0.449762 0.120568 0.100914
v 0.431572 0.176364 0.059443
v 0.431572 0.176364 0.059443
v 0.431572 0.176364 0.059443
v 0.431572 0.176364 0.059443
v 0.431572 0.176364 0.059443
v 0.442962 0.177471 0.087838
v 0.442962 0.177471 0.087838
v 0.442962 0.177471 0.087838
v 0.442962 0.177471 0.087838
v 0.442962 0.177471 0.087838
v 0.472900 0.164742 0.103833
v 0.472900 0.164742 0.103833
v 0.472900 0.164742 0.103833
v 0.472900 0.164742 0.103833
v 0.472900 0.164742 0.103833
v 0.472900 0.164742 0.103833
v 0.448385 0.134705 0.133918
v 0.448385 0.134705 0.133918
v 0.448385 0.134705 0.133918
v 0.448385 0.134705 0.133918
v 0.448385 0.134705 0.133918
v 0.448385 0.134705 0.133918
v 0.414395 0.200834 0.121943
v 0.414395 0.200834 0.121943
v 0.414395 0.200834 0.121943
v 0.414395 0.200834 0.121943
v 0.414395 0.200834 0.121943
v 0.442870 0.174863 0.143729
v 0.442870 0.174863 0.143729
v 0.442870 0.174863 0.143729
v 0.442870 0.174863 0.143729
v 0.442870 0.174863 0.143729
v 0.442870 0.174863 0.143729
v 0.411534 0.117617 0.105585
v 0.411534 0.117617 0.105585
v 0.431041 0.179242 0.117551
v 0.431041 0.179242 0.117551
v 0.431041 0.179242 0.117551
v 0.431041 0.179242 0.117551
v 0.431041 0.179242 0.117551
v 0.431041 0.179242 0.117551
v 0.431041 0.179242 0.117551
v 0.384531 0.182482 0.108399
v 0.384531 0.182482 0.108399
v 0.384531 0.182482 0.108399
v 0.384531 0.182482 0.108399
v 0.384531 0.182482 0.108399
v 0.384531 0.182482 0.108399
v 0.384531 0.182482 0.108399
v 0.384531 0.182482 0.108399
v 0.384531 0.182482 0.108399
v 0.431020 0.161618 0.095451
v 0.431020 0.161618 0.095451
v 0.431020 0.161618 0.095451
v 0.431020 0.161618 0.095451
v 0.431020 0.161618 0.095451
v 0.431020 0.161618 0.095451
v 0.431020 0.161618 0.095451
v 0.432055 0.161979 0.094159
v 0.432055 0.161979 0.094159
v 0.432055 0.161979 0.094159
v 0.432055 0.161979 0.094159
v 0.432055 0.161979 0.094159
v 0.402039 0.159231 0.086000
v 0.402039 0.159231 0.086000
v 0.402039 0.159231 0.086000
v 0.402039 0.159231 0.086000
v 0.402039 0.159231 0.086000
v 0.409008 0.122375 0.106789
v 0.409008 0.122375 0.106789
v 0.409008 0.122375 0.106789
v 0.409008 0.122375 0.106789
v 0.376183 0.175972 0.092199
v 0.376183 0.175972 0.092199
v 0.376183 0.175972 0.092199
v 0.367626 0.176677 0.102641
v 0.367626 0.176677 0.102641
v 0.367626 0.176677 0.102641
v 0.367626 0.176677 0.102641
v 0.367626 0.176677 0.102641
v 0.429883 0.163144 0.059053
v 0.429883 0.163144 0.059053
v 0.429883 0.163144 0.059053
v 0.429883 0.163144 0.059053
v 0.429883 0.163144 0.059053
v 0.429883 0.163144 0.059053
v 0.370489 0.171494 0.089112
v 0.370489 0.171494 0.089112
v 0.370489 0.171494 0.089112
v 0.370489 0.171494 0.089112
v 0.370489 0.171494 0.089112
v 0.384424 0.146503 0.110505
v 0.384424 0.146503 0.110505
v 0.384424 0.146503 0.110505
v 0.384424 0.146503 0.110505
v 0.384424 0.146503 0.110505
v 0.384424 0.146503 0.110505
v 0.384424 0.146503 0.110505
v 0.373471 0.147911 0.108625
v 0.373471 0.147911 0.108625
v 0.373471 0.147911 0.108625
v 0.373471 0.147911 0.108625
v 0.373471 0.147911 0.108625
v 0.373471 0.147911 0.108625
v 0.384894 0.147887 0.104192
v 0.384894 0.147887 0.104192
v 0.384894 0.147887 0.104192
v 0.384894 0.147887 0.104192
v 0.381733 0.149967 0.101836
v 0.381733 0.149967 0.101836
v 0.381733 0.149967 0.101836
v 0.381733 0.149967 0.101836
v 0.381733 0.149967 0.101836
v 0.409312 0.163024 0.061526
v 0.409312 0.163024 0.061526
v 0.409312 0.163024 0.061526
v 0.409312 0.163024 0.061526
v 0.411042 0.165390 0.068700
v 0.411042 0.165390 0.068700
v 0.436944 0.184745 0.100198
v 0.436944 0.184745 0.100198
v 0.436944 0.184745 0.100198
v 0.436935 0.181430 0.117021
v 0.436935 0.181430 0.117021
v 0.436935 0.181430 0.117021
v 0.385164 0.183144 0.106564
v 0.385164 0.183144 0.106564
v 0.385164 0.183144 0.106564
v 0.382522 0.150702 0.105989
v 0.382522 0.150702 0.105989
v 0.382522 0.150702 0.105989
v 0.382522 0.150702 0.105989
v 0.382522 0.150702 0.105989
v 0.382522 0.150702 0.105989
v 0.385157 0.181172 0.097444
v 0.385157 0.181172 0.097444
v 0.385157 0.181172 0.097444
v 0.414351 0.167502 0.061074
v 0.414351 0.167502 0.061074
v 0.414351 0.167502 0.061074
v 0.414351 0.167502 0.061074
v 0.418109 0.163965 0.064686
v 0.418109 0.163965 0.064686
v 0.418109 0.163965 0.064686
v 0.418109 0.163965 0.064686
v 0.424131 0.204104 0.076974
v 0.424131 0.204104 0.076974
v 0.424131 0.204104 0.076974
v 0.424131 0.204104 0.076974
v 0.424131 0.204104 0.076974
v 0.424131 0.204104 0.076974
v 0.424131 0.204104 0.076974
v 0.442597 0.167501 0.056578
v 0.442597 0.167501 0.056578
v 0.442597 0.167501 0.056578
v 0.442597 0.167501 0.056578
v 0.442597 0.167501 0.056578
v 0.404763 0.155556 0.058342
v 0.404763 0.155556 0.058342
v 0.404763 0.155556 0.058342
v 0.404763 0.155556 0.058342
v 0.404763 0.155556 0.058342
v 0.404763 0.155556 0.058342
v 0.404763 0.155556 0.058342
v 0.404763 0.155556 0.058342
v 0.405183 0.128742 0.072753
v 0.405183 0.128742 0.072753
v 0.405183 0.128742 0.072753
v 0.405183 0.128742 0.072753
v 0.405183 0.128742 0.072753
v 0.406389 0.131786 0.075058
v 0.406389 0.131786 0.075058
v 0.406389 0.131786 0.075058
v 0.406389 0.131786 0.075058
v 0.406389 0.131786 0.075058
v 0.428542 0.172238 0.055464
v 0.428542 0.172238 0.055464
v 0.428542 0.172238 0.055464
v 0.428542 0.172238 0.055464
v 0.428542 0.172238 0.055464
v 0.443392 0.139272 0.073862
v 0.443392 0.139272 0.073862
v 0.443392 0.139272 0.073862
v 0.443392 0.139272 0.073862
v 0.443392 0.139272 0.073862
v 0.443392 0.139272 0.073862
v 0.443392 0.139272 0.073862
v 0.443392 0.139272 0.073862
v 0.430778 0.156523 0.058802
v 0.430778 0.156523 0.058802
v 0.430778 0.156523 0.058802
v 0.430778 0.156523 0.058802
v 0.430778 0.156523 0.058802
v 0.430778 0.156523 0.058802
v 0.425922 0.135781 0.068952
v 0.425922 0.135781 0.068952
v 0.425922 0.135781 0.068952
v 0.425922 0.135781 0.068952
v 0.425922 0.135781 0.068952
v 0.425922 0.135781 0.068952
v 0.423836 0.118819 0.110581
v 0.423836 0.118819 0.110581
v 0.423836 0.118819 0.110581
v 0.423836 0.118819 0.110581
v 0.423836 0.118819 0.110581
v 0.423836 0.118819 0.110581
v 0.423836 0.118819 0.110581
v 0.423836 0.118819 0.110581
v 0.458559 0.163662 0.089697
v 0.458559 0.163662 0.089697
v 0.458559 0.163662 0.089697
v 0.458559 0.163662 0.089697
v 0.458559 0.163662 0.089697
v 0.438273 0.192404 0.076671
v 0.438273 0.192404 0.076671
v 0.438273 0.192404 0.076671
v 0.438273 0.192404 0.076671
v 0.438273 0.192404 0.076671
v 0.410802 0.166754 0.061996
v 0.410802 0.166754 0.061996
v 0.410802 0.166754 0.061996
v 0.410802 0.166754 0.061996
v 0.410538 0.166629 0.064631
v 0.410538 0.166629 0.064631
v 0.410538 0.166629 0.064631
v 0.414241 0.184565 0.069655
v 0.414241 0.184565 0.069655
v 0.414241 0.184565 0.069655
v 0.414241 0.184565 0.069655
v 0.414241 0.184565 0.069655
v 0.414172 0.190333 0.136044
v 0.414172 0.190333 0.136044
v 0.414172 0.190333 0.136044
v 0.414172 0.190333 0.136044
v 0.414172 0.190333 0.136044
v 0.414172 0.190333 0.136044
v 0.407757 0.167333 0.148025
v 0.407757 0.167333 0.148025
v 0.407757 0.167333 0.148025
v 0.407757 0.167333 0.148025
v 0.407757 0.167333 0.148025
v 0.407757 0.167333 0.148025
v 0.410002 0.167611 0.152552
v 0.410002 0.167611 0.152552
v 0.410002 0.167611 0.152552
v 0.410002 0.167611 0.152552
v 0.410002 0.167611 0.152552
v 0.446307 0.172558 0.058973
v 0.446307 0.172558 0.058973
v 0.446307 0.172558 0.058973
v 0.446307 0.172558 0.058973
v 0.446307 0.172558 0.058973
v 0.437462 0.179810 0.060646
v 0.437462 0.179810 0.060646
v 0.437462 0.179810 0.060646
v 0.437462 0.179810 0.060646
v 0.437462 0.179810 0.060646
v 0.384669 0.184536 0.098521
v 0.384669 0.184536 0.098521
v 0.384669 0.184536 0.098521
v 0.384669 0.184536 0.098521
v 0.384669 0.184536 0.098521
v 0.384669 0.184536 0.098521
v 0.384669 0.184536 0.098521
v 0.384669 0.184536 0.098521
v 0.384669 0.184536 0.098521
v 0.384669 0.184536 0.098521
v 0.384098 0.169762 0.085019
v 0.384098 0.169762 0.085019
v 0.384098 0.169762 0.085019
v 0.384098 0.169762 0.085019
v 0.383829 0.171933 0.123399
v 0.383829 0.171933 0.123399
v 0.383829 0.171933 0.123399
v 0.383829 0.171933 0.123399
v 0.432034 0.153885 0.060458
v 0.432034 0.153885 0.060458
v 0.432034 0.153885 0.060458
v 0.432034 0.153885 0.060458
v 0.432034 0.153885 0.060458
v 0.385810 0.180493 0.105923
v 0.385810 0.180493 0.105923
v 0.385810 0.180493 0.105923
v 0.385810 0.180493 0.105923
v 0.385810 0.180493 0.105923
v 0.384494 0.170544 0.087409
v 0.384494 0.170544 0.087409
v 0.384494 0.170544 0.087409
v 0.384494 0.170544 0.087409
v 0.367985 0.177001 0.106871
v 0.367985 0.177001 0.106871
v 0.367985 0.177001 0.106871
v 0.367985 0.177001 0.106871
v 0.367985 0.177001 0.106871
v 0.434094 0.167301 0.058913
v 0.434094 0.167301 0.058913
v 0.434094 0.167301 0.058913
v 0.434094 0.167301 0.058913
v 0.439739 0.172932 0.059177
v 0.439739 0.172932 0.059177
v 0.422967 0.167494 0.060819
v 0.422967 0.167494 0.060819
v 0.422967 0.167494 0.060819
v 0.422967 0.167494 0.060819
v 0.422967 0.167494 0.060819
v 0.410961 0.126295 0.107153
v 0.410961 0.126295 0.107153
v 0.410961 0.126295 0.107153
v 0.410961 0.126295 0.107153
v 0.410961 0.126295 0.107153
v 0.393981 0.145390 0.108336
v 0.393981 0.145390 0.108336
v 0.393981 0.145390 0.108336
v 0.393981 0.145390 0.108336
v 0.393981 0.145390 0.108336
v 0.433543 0.157369 0.056519
v 0.433543 0.157369 0.056519
v 0.433543 0.157369 0.056519
v 0.433543 0.157369 0.056519
v 0.433543 0.157369 0.056519
v 0.433543 0.157369 0.056519
v 0.433229 0.156926 0.058339
v 0.433229 0.156926 0.058339
v 0.433229 0.156926 0.058339
v 0.433229 0.156926 0.058339
v 0.433229 0.156926 0.058339
v 0.399976 0.167520 0.084198
v 0.399976 0.167520 0.084198
v 0.399976 0.167520 0.084198
v 0.399976 0.167520 0.084198
v 0.399976 0.167520 0.084198
v 0.413813 0.178573 0.056819
v 0.413813 0.178573 0.056819
v 0.413813 0.178573 0.056819
v 0.413813 0.178573 0.056819
v 0.413813 0.178573 0.056819
v 0.413813 0.178573 0.056819
v 0.413813 0.178573 0.056819
v 0.412906 0.173240 0.055883
v 0.412906 0.173240 0.055883
v 0.412906 0.173240 0.055883
v 0.412906 0.173240 0.055883
v 0.412906 0.173240 0.055883
v 0.412906 0.173240 0.055883
v 0.408424 0.158408 0.055935
v 0.408424 0.158408 0.055935
v 0.408424 0.158408 0.055935
v 0.408424 0.158408 0.055935
v 0.449911 0.185135 0.064197
v 0.449911 0.185135 0.064197
v 0.449911 0.185135 0.064197
v 0.449911 0.185135 0.064197
v 0.449911 0.185135 0.064197
v 0.414260 0.147667 0.069060
v 0.414260 0.147667 0.069060
v 0.414260 0.147667 0.069060
v 0.414260 0.147667 0.069060
v 0.414260 0.147667 0.069060
v 0.414260 0.147667 0.069060
v 0.407849 0.165962 0.055468
v 0.407849 0.165962 0.055468
v 0.407849 0.165962 0.055468
v 0.407849 0.165962 0.055468
v 0.407849 0.165962 0.055468
v 0.407849 0.165962 0.055468
v 0.407849 0.165962 0.055468
v 0.407849 0.165962 0.055468
v 0.450058 0.152396 0.118069
v 0.450058 0.152396 0.118069
v 0.450058 0.152396 0.118069
v 0.450058 0.152396 0.118069
v 0.450058 0.152396 0.118069
v 0.433443 0.165468 0.126135
v 0.433443 0.165468 0.126135
v 0.433443 0.165468 0.126135
v 0.433443 0.165468 0.126135
v 0.433443 0.165468 0.126135
v 0.433443 0.165468 0.126135
v 0.433531 0.147259 0.114170
v 0.433531 0.147259 0.114170
v 0.433531 0.147259 0.114170
v 0.433531 0.147259 0.114170
v 0.433531 0.147259 0.114170
v 0.442963 0.153337 0.121420
v 0.442963 0.153337 0.121420
v 0.442963 0.153337 0.121420
v 0.442963 0.153337 0.121420
v 0.442963 0.153337 0.121420
v 0.442963 0.153337 0.121420
v 0.410535 0.166424 0.142675
v 0.410535 0.166424 0.142675
v 0.411096 0.120160 0.105836
v 0.411096 0.120160 0.105836
v 0.411096 0.120160 0.105836
v 0.411096 0.120160 0.105836
v 0.425047 0.128192 0.132282
v 0.425047 0.128192 0.132282
v 0.425047 0.128192 0.132282
v 0.425047 0.128192 0.132282
v 0.425047 0.128192 0.132282
v 0.425047 0.128192 0.132282
v 0.420441 0.155653 0.122382
v 0.377995 0.163573 0.122248
v 0.377995 0.163573 0.122248
v 0.377995 0.163573 0.122248
v 0.377995 0.163573 0.122248
v 0.424193 0.171215 0.151016
v 0.424193 0.171215 0.151016
v 0.424193 0.171215 0.151016
v 0.424193 0.171215 0.151016
v 0.424193 0.171215 0.151016
v 0.411854 0.164445 0.146327
v 0.411854 0.164445 0.146327
v 0.411854 0.164445 0.146327
v 0.411854 0.164445 0.146327
v 0.412152 0.164870 0.143705
v 0.412152 0.164870 0.143705
v 0.412152 0.164870 0.143705
v 0.412106 0.211315 0.103968
v 0.412106 0.211315 0.103968
v 0.412106 0.211315 0.103968
v 0.412106 0.211315 0.103968
v 0.376569 0.177300 0.116647
v 0.376569 0.177300 0.116647
v 0.376569 0.177300 0.116647
v 0.440823 0.160270 0.055595
v 0.440823 0.160270 0.055595
v 0.440823 0.160270 0.055595
v 0.440823 0.160270 0.055595
v 0.440823 0.160270 0.055595
v 0.440823 0.160270 0.055595
v 0.378728 0.150139 0.102146
v 0.378728 0.150139 0.102146
v 0.378728 0.150139 0.102146
v 0.378728 0.150139 0.102146
v 0.385438 0.156051 0.104636
v 0.385438 0.156051 0.104636
v 0.385438 0.156051 0.104636
v 0.385438 0.156051 0.104636
v 0.385438 0.156051 0.104636
v 0.385438 0.156051 0.104636
v 0.385882 0.150607 0.105651
v 0.385882 0.150607 0.105651
v 0.385882 0.150607 0.105651
v 0.385882 0.150607 0.105651
v 0.410017 0.117541 0.106803
v 0.410017 0.117541 0.106803
v 0.410017 0.117541 0.106803
v 0.410017 0.117541 0.106803
v 0.410017 0.117541 0.106803
v 0.405473 0.117575 0.096502
v 0.405473 0.117575 0.096502
v 0.405473 0.117575 0.096502
v 0.405473 0.117575 0.096502
v 0.405473 0.117575 0.096502
v 0.405473 0.117575 0.096502
v 0.426124 0.145075 0.146217
v 0.426124 0.145075 0.146217
v 0.426124 0.145075 0.146217
v 0.426124 0.145075 0.146217
v 0.426124 0.145075 0.146217
v 0.449642 0.160184 0.149513
v 0.449642 0.160184 0.149513
v 0.449642 0.160184 0.149513
v 0.449642 0.160184 0.149513
v 0.449642 0.160184 0.149513
v 0.423857 0.159616 0.151068
v 0.423857 0.159616 0.151068
v 0.423857 0.159616 0.151068
v 0.423857 0.159616 0.151068
v 0.423857 0.159616 0.151068
v 0.423857 0.159616 0.151068
v 0.448158 0.185022 0.108906
v 0.448158 0.185022 0.108906
v 0.448158 0.185022 0.108906
v 0.448158 0.185022 0.108906
v 0.448158 0.185022 0.108906
v 0.448158 0.185022 0.108906
v 0.459552 0.179508 0.101457
v 0.459552 0.179508 0.101457
v 0.459552 0.179508 0.101457
v 0.459552 0.179508 0.101457
v 0.459552 0.179508 0.101457
v 0.410018 0.164494 0.063957
v 0.410018 0.164494 0.063957
v 0.410018 0.164494 0.063957
v 0.410018 0.164494 0.063957
v 0.409718 0.212817 0.106384
v 0.409718 0.212817 0.106384
v 0.409718 0.212817 0.106384
v 0.409718 0.212817 0.106384
v 0.409718 0.212817 0.106384
v 0.409718 0.212817 0.106384
v 0.433406 0.184103 0.113591
v 0.433406 0.184103 0.113591
v 0.433406 0.184103 0.113591
v 0.433406 0.184103 0.113591
v 0.433406 0.184103 0.113591
v 0.378774 0.181140 0.107187
v 0.378774 0.181140 0.107187
v 0.382276 0.147719 0.104952
v 0.382276 0.147719 0.104952
v 0.382276 0.147719 0.104952
v 0.382276 0.147719 0.104952
v 0.411088 0.204450 0.107266
v 0.411088 0.204450 0.107266
v 0.411088 0.204450 0.107266
v 0.411088 0.204450 0.107266
v 0.418746 0.124179 0.108082
v 0.418746 0.124179 0.108082
v 0.418746 0.124179 0.108082
v 0.432183 0.177647 0.061628
v 0.432183 0.177647 0.061628
v 0.432183 0.177647 0.061628
v 0.432146 0.172424 0.061631
v 0.432146 0.172424 0.061631
v 0.384885 0.152696 0.105095
v 0.384885 0.152696 0.105095
v 0.384885 0.152696 0.105095
v 0.384885 0.152696 0.105095
v 0.384885 0.152696 0.105095
v 0.384885 0.152696 0.105095
v 0.384885 0.152696 0.105095
v 0.384654 0.183472 0.115001
v 0.384654 0.183472 0.115001
v 0.384654 0.183472 0.115001
v 0.384654 0.183472 0.115001
v 0.384654 0.183472 0.115001
v 0.431044 0.184319 0.101372
v 0.431044 0.184319 0.101372
v 0.431044 0.184319 0.101372
v 0.431044 0.184319 0.101372
v 0.402038 0.182290 0.114734
v 0.402038 0.182290 0.114734
v 0.402038 0.182290 0.114734
v 0.402038 0.182290 0.114734
v 0.402038 0.182290 0.114734
v 0.384073 0.179928 0.105415
v 0.384073 0.179928 0.105415
v 0.384073 0.179928 0.105415
v 0.384073 0.179928 0.105415
v 0.384073 0.179928 0.105415
v 0.369881 0.168650 0.091393
v 0.369881 0.168650 0.091393
v 0.369881 0.168650 0.091393
v 0.369881 0.168650 0.091393
v 0.369881 0.168650 0.091393
v 0.369881 0.168650 0.091393
v 0.405321 0.213352 0.111886
v 0.405321 0.213352 0.111886
v 0.405321 0.213352 0.111886
v 0.405321 0.213352 0.111886
v 0.405321 0.213352 0.111886
v 0.405113 0.204987 0.130613
v 0.405113 0.204987 0.130613
v 0.405113 0.204987 0.130613
v 0.405113 0.204987 0.130613
v 0.405113 0.204987 0.130613
v 0.405113 0.204987 0.130613
v 0.408479 0.207824 0.107485
v 0.408479 0.207824 0.107485
v 0.408479 0.207824 0.107485
v 0.408479 0.207824 0.107485
v 0.408479 0.207824 0.107485
v 0.408479 0.207824 0.107485
v 0.408479 0.207824 0.107485
v 0.405104 0.117773 0.111060
v 0.405104 0.117773 0.111060
v 0.405104 0.117773 0.111060
v 0.405104 0.117773 0.111060
v 0.405104 0.117773 0.111060
v 0.405104 0.117773 0.111060
v 0.446498 0.164603 0.055563
v 0.446498 0.164603 0.055563
v 0.446498 0.164603 0.055563
v 0.446498 0.164603 0.055563
v 0.446498 0.164603 0.055563
v 0.446498 0.164603 0.055563
v 0.446498 0.164603 0.055563
v 0.446498 0.164603 0.055563
v 0.432284 0.163222 0.055764
v 0.432284 0.163222 0.055764
v 0.432284 0.163222 0.055764
v 0.432284 0.163222 0.055764
v 0.432284 0.163222 0.055764
v 0.432284 0.163222 0.055764
v 0.421576 0.167312 0.056136
v 0.421576 0.167312 0.056136
v 0.421576 0.167312 0.056136
v 0.421576 0.167312 0.056136
v 0.421576 0.167312 0.056136
v 0.444027 0.164275 0.061645
v 0.444027 0.164275 0.061645
v 0.369132 0.164909 0.117064
v 0.369132 0.164909 0.117064
v 0.369132 0.164909 0.117064
v 0.369132 0.164909 0.117064
v 0.369132 0.164909 0.117064
v 0.431042 0.156979 0.087367
v 0.431042 0.156979 0.087367
v 0.431042 0.156979 0.087367
v 0.431042 0.156979 0.087367
v 0.431042 0.156979 0.087367
v 0.425549 0.150711 0.089542
v 0.425549 0.150711 0.089542
v 0.425549 0.150711 0.089542
v 0.425549 0.150711 0.089542
v 0.425549 0.150711 0.089542
v 0.425549 0.150711 0.089542
v 0.378626 0.165230 0.117756
v 0.378626 0.165230 0.117756
v 0.417153 0.168987 0.143529
v 0.417153 0.168987 0.143529
v 0.417153 0.168987 0.143529
v 0.417153 0.168987 0.143529
v 0.417153 0.168987 0.143529
v 0.416933 0.205537 0.101370
v 0.416933 0.205537 0.101370
v 0.416933 0.205537 0.101370
v 0.416933 0.205537 0.101370
v 0.449214 0.146475 0.098152
v 0.449214 0.146475 0.098152
v 0.449214 0.146475 0.098152
v 0.449214 0.146475 0.098152
v 0.449214 0.146475 0.098152
v 0.449214 0.146475 0.098152
v 0.449214 0.146475 0.098152
v 0.424011 0.160983 0.055479
v 0.424011 0.160983 0.055479
v 0.424011 0.160983 0.055479
v 0.424011 0.160983 0.055479
v 0.441638 0.166918 0.059777
v 0.441638 0.166918 0.059777
v 0.441638 0.166918 0.059777
v 0.441638 0.166918 0.059777
v 0.439828 0.164543 0.060652
v 0.439828 0.164543 0.060652
v 0.439828 0.164543 0.060652
v 0.439828 0.164543 0.060652
v 0.439828 0.164543 0.060652
v 0.439828 0.164543 0.060652
v 0.427079 0.166035 0.055467
v 0.427079 0.166035 0.055467
v 0.427079 0.166035 0.055467
v 0.427079 0.166035 0.055467
v 0.427079 0.166035 0.055467
v 0.427079 0.166035 0.055467
v 0.384810 0.152122 0.121385
v 0.384810 0.152122 0.121385
v 0.384810 0.152122 0.121385
v 0.384810 0.152122 0.121385
v 0.384810 0.152122 0.121385
v 0.436937 0.156268 0.123783
v 0.436937 0.156268 0.123783
v 0.436937 0.156268 0.123783
v 0.436937 0.156268 0.123783
v 0.431075 0.173255 0.060637
v 0.431075 0.173255 0.060637
v 0.431075 0.173255 0.060637
v 0.431075 0.173255 0.060637
v 0.431075 0.173255 0.060637
v 0.431075 0.173255 0.060637
v 0.431075 0.173255 0.060637
v 0.430761 0.177326 0.059102
v 0.430761 0.177326 0.059102
v 0.430761 0.177326 0.059102
v 0.430761 0.177326 0.059102
v 0.430761 0.177326 0.059102
v 0.410194 0.164717 0.152441
v 0.410194 0.164717 0.152441
v 0.410194 0.164717 0.152441
v 0.409646 0.124895 0.104644
v 0.409646 0.124895 0.104644
v 0.409646 0.124895 0.104644
v 0.409646 0.124895 0.104644
v 0.409646 0.124895 0.104644
v 0.368438 0.170323 0.118575
v 0.368438 0.170323 0.118575
v 0.368438 0.170323 0.118575
v 0.368438 0.170323 0.118575
v 0.368438 0.170323 0.118575
v 0.368438 0.170323 0.118575
v 0.370039 0.158314 0.118517
v 0.370039 0.158314 0.118517
v 0.370039 0.158314 0.118517
v 0.370039 0.158314 0.118517
v 0.370039 0.158314 0.118517
v 0.370039 0.158314 0.118517
v 0.413533 0.166618 0.148216
v 0.413533 0.166618 0.148216
v 0.413533 0.166618 0.148216
v 0.413533 0.166618 0.148216
v 0.436205 0.180043 0.119060
v 0.436205 0.180043 0.119060
v 0.436205 0.180043 0.119060
v 0.436205 0.180043 0.119060
v 0.436205 0.180043 0.119060
v 0.445686 0.138222 0.134817
v 0.445686 0.138222 0.134817
v 0.445686 0.138222 0.134817
v 0.445686 0.138222 0.134817
v 0.445686 0.138222 0.134817
v 0.438275 0.138285 0.132656
v 0.438275 0.138285 0.132656
v 0.438275 0.138285 0.132656
v 0.438275 0.138285 0.132656
v 0.438275 0.138285 0.132656
v 0.433296 0.175865 0.057505
v 0.433296 0.175865 0.057505
v 0.433296 0.175865 0.057505
v 0.433296 0.175865 0.057505
v 0.433296 0.175865 0.057505
v 0.433296 0.175865 0.057505
v 0.392665 0.169662 0.124141
v 0.392665 0.169662 0.124141
v 0.392665 0.169662 0.124141
v 0.392665 0.169662 0.124141
v 0.410856 0.213073 0.104331
v 0.410856 0.213073 0.104331
v 0.382313 0.181807 0.103197
v 0.382313 0.181807 0.103197
v 0.382313 0.181807 0.103197
v 0.382313 0.181807 0.103197
v 0.382313 0.181807 0.103197
v 0.382313 0.181807 0.103197
v 0.380208 0.183944 0.104468
v 0.380208 0.183944 0.104468
v 0.380208 0.183944 0.104468
v 0.380208 0.183944 0.104468
v 0.432061 0.181581 0.092209
v 0.432061 0.181581 0.092209
v 0.432061 0.181581 0.092209
v 0.432061 0.181581 0.092209
v 0.432061 0.181581 0.092209
v 0.430822 0.158333 0.058645
v 0.430822 0.158333 0.058645
v 0.430822 0.158333 0.058645
v 0.430822 0.158333 0.058645
v 0.430822 0.158333 0.058645
v 0.411019 0.165407 0.140557
v 0.411019 0.165407 0.140557
v 0.408691 0.167491 0.147693
v 0.408691 0.167491 0.147693
v 0.408691 0.167491 0.147693
v 0.412362 0.165647 0.065160
v 0.412362 0.165647 0.065160
v 0.408718 0.164523 0.146932
v 0.408718 0.164523 0.146932
v 0.408718 0.164523 0.146932
v 0.408718 0.164523 0.146932
v 0.408718 0.164523 0.146932
v 0.408718 0.164523 0.146932
v 0.408718 0.164523 0.146932
v 0.424678 0.166804 0.057135
v 0.424678 0.166804 0.057135
v 0.424678 0.166804 0.057135
v 0.389324 0.150167 0.103403
v 0.389324 0.150167 0.103403
v 0.380099 0.164454 0.085507
v 0.380099 0.164454 0.085507
v 0.380099 0.164454 0.085507
v 0.380099 0.164454 0.085507
v 0.409095 0.169825 0.084733
v 0.409095 0.169825 0.084733
v 0.409095 0.169825 0.084733
v 0.409095 0.169825 0.084733
v 0.379172 0.147661 0.105511
v 0.379172 0.147661 0.105511
v 0.379172 0.147661 0.105511
v 0.413161 0.165890 0.152228
v 0.413161 0.165890 0.152228
v 0.413161 0.165890 0.152228
v 0.413161 0.165890 0.152228
v 0.410644 0.210186 0.105916
v 0.410644 0.210186 0.105916
v 0.410644 0.210186 0.105916
v 0.410644 0.210186 0.105916
v 0.411270 0.212433 0.106123
v 0.411270 0.212433 0.106123
v 0.411270 0.212433 0.106123
v 0.411268 0.164208 0.149956
v 0.411268 0.164208 0.149956
v 0.411268 0.164208 0.149956
v 0.411268 0.164208 0.149956
v 0.411268 0.164208 0.149956
v 0.423993 0.211814 0.110506
v 0.423993 0.211814 0.110506
v 0.423993 0.211814 0.110506
v 0.423993 0.211814 0.110506
v 0.423993 0.211814 0.110506
v 0.423993 0.211814 0.110506
v 0.408511 0.123436 0.101842
v 0.408511 0.123436 0.101842
v 0.408511 0.123436 0.101842
v 0.408511 0.123436 0.101842
v 0.408511 0.123436 0.101842
v 0.408511 0.123436 0.101842
v 0.408511 0.123436 0.101842
v 0.408511 0.123436 0.101842
v 0.413130 0.173180 0.058646
v 0.413130 0.173180 0.058646
v 0.413130 0.173180 0.058646
v 0.384879 0.145079 0.104500
v 0.384879 0.145079 0.104500
v 0.384879 0.145079 0.104500
v 0.384879 0.145079 0.104500
v 0.384879 0.145079 0.104500
v 0.384879 0.145079 0.104500
v 0.384879 0.145079 0.104500
v 0.433255 0.173917 0.058732
v 0.433255 0.173917 0.058732
v 0.433255 0.173917 0.058732
v 0.433255 0.173917 0.058732
v 0.433255 0.173917 0.058732
v 0.410663 0.163116 0.056219
v 0.410663 0.163116 0.056219
v 0.410663 0.163116 0.056219
v 0.410663 0.163116 0.056219
v 0.410663 0.163116 0.056219
v 0.410663 0.163116 0.056219
v 0.386910 0.148213 0.105427
v 0.386910 0.148213 0.105427
v 0.386910 0.148213 0.105427
v 0.386910 0.148213 0.105427
v 0.386910 0.148213 0.105427
v 0.383226 0.175493 0.121397
v 0.383226 0.175493 0.121397
v 0.383226 0.175493 0.121397
v 0.383226 0.175493 0.121397
v 0.383226 0.175493 0.121397
v 0.383226 0.175493 0.121397
v 0.433561 0.163229 0.058922
v 0.433561 0.163229 0.058922
v 0.433561 0.163229 0.058922
v 0.441859 0.127926 0.091113
v 0.441859 0.127926 0.091113
v 0.441859 0.127926 0.091113
v 0.441859 0.127926 0.091113
v 0.441859 0.127926 0.091113
v 0.441859 0.127926 0.091113
v 0.448749 0.141953 0.144250
v 0.448749 0.141953 0.144250
v 0.448749 0.141953 0.144250
v 0.400406 0.154803 0.087320
v 0.400406 0.154803 0.087320
v 0.400406 0.154803 0.087320
v 0.400406 0.154803 0.087320
v 0.410484 0.123219 0.105839
v 0.410484 0.123219 0.105839
v 0.410484 0.123219 0.105839
v 0.410484 0.123219 0.105839
v 0.410484 0.123219 0.105839
v 0.410484 0.123219 0.105839
v 0.405074 0.188777 0.145761
v 0.405074 0.188777 0.145761
v 0.405074 0.188777 0.145761
v 0.405074 0.188777 0.145761
v 0.405074 0.188777 0.145761
v 0.414340 0.200050 0.084467
v 0.414340 0.200050 0.084467
v 0.414340 0.200050 0.084467
v 0.414340 0.200050 0.084467
v 0.414340 0.200050 0.084467
v 0.414340 0.200050 0.084467
v 0.439441 0.166624 0.061660
v 0.439441 0.166624 0.061660
v 0.439441 0.166624 0.061660
v 0.379788 0.167007 0.122603
v 0.379788 0.167007 0.122603
v 0.379788 0.167007 0.122603
v 0.379788 0.167007 0.122603
v 0.379788 0.167007 0.122603
v 0.379788 0.167007 0.122603
v 0.379788 0.167007 0.122603
v 0.379788 0.167007 0.122603
v 0.420350 0.155066 0.087364
v 0.420350 0.155066 0.087364
v 0.379476 0.150927 0.105347
v 0.379476 0.150927 0.105347
v 0.433729 0.173044 0.060946
v 0.433729 0.173044 0.060946
v 0.433729 0.173044 0.060946
v 0.414307 0.133230 0.081150
v 0.414307 0.133230 0.081150
v 0.414307 0.133230 0.081150
v 0.414307 0.133230 0.081150
v 0.414307 0.133230 0.081150
v 0.406445 0.143106 0.061440
v 0.406445 0.143106 0.061440
v 0.406445 0.143106 0.061440
v 0.408428 0.163204 0.147834
v 0.408428 0.163204 0.147834
v 0.408428 0.163204 0.147834
v 0.408428 0.163204 0.147834
v 0.408428 0.163204 0.147834
v 0.408428 0.163204 0.147834
v 0.409766 0.204412 0.104029
v 0.409766 0.204412 0.104029
v 0.409766 0.204412 0.104029
v 0.442982 0.182192 0.116679
v 0.442982 0.182192 0.116679
v 0.442982 0.182192 0.116679
v 0.442982 0.182192 0.116679
v 0.442982 0.182192 0.116679
v 0.425383 0.165254 0.059481
v 0.425383 0.165254 0.059481
v 0.425383 0.165254 0.059481
v 0.425383 0.165254 0.059481
v 0.425383 0.165254 0.059481
v 0.449679 0.165595 0.059664
v 0.449679 0.165595 0.059664
v 0.449679 0.165595 0.059664
v 0.449679 0.165595 0.059664
v 0.445979 0.157562 0.058993
v 0.445979 0.157562 0.058993
v 0.445979 0.157562 0.058993
v 0.445979 0.157562 0.058993
v 0.445979 0.157562 0.058993
v 0.405394 0.136147 0.143268
v 0.405394 0.136147 0.143268
v 0.405394 0.136147 0.143268
v 0.417966 0.161880 0.144722
v 0.417966 0.161880 0.144722
v 0.417966 0.161880 0.144722
v 0.417966 0.161880 0.144722
v 0.417966 0.161880 0.144722
v 0.413810 0.166886 0.148373
v 0.413810 0.166886 0.148373
v 0.413810 0.166886 0.148373
v 0.413810 0.166886 0.148373
v 0.413810 0.166886 0.148373
v 0.413810 0.166886 0.148373
v 0.412242 0.204948 0.103791
v 0.412242 0.204948 0.103791
v 0.412242 0.204948 0.103791
v 0.412242 0.204948 0.103791
v 0.385079 0.167903 0.123463
v 0.385079 0.167903 0.123463
v 0.410964 0.204517 0.102106
v 0.410964 0.204517 0.102106
v 0.410964 0.204517 0.102106
v 0.410964 0.204517 0.102106
v 0.411926 0.165977 0.152354
v 0.411926 0.165977 0.152354
v 0.418501 0.205629 0.107852
v 0.418501 0.205629 0.107852
v 0.418501 0.205629 0.107852
v 0.418501 0.205629 0.107852
v 0.418501 0.205629 0.107852
v 0.411070 0.203888 0.105813
v 0.411070 0.203888 0.105813
v 0.407228 0.157537 0.057001
vn 0.5151 0.0967 -0.8517
vn 0.5210 0.0947 -0.8483
vn 0.5188 0.1015 -0.8488
vn 0.1992 -0.0028 -0.9800
vn 0.2790 0.5205 -0.8070
vn 0.4607 0.3414 -0.8193
vn 0.1615 0.7226 -0.6722
vn 0.5142 0.3140 -0.7981
vn 0.7346 0.4506 -0.5072
vn 0.4624 0.8071 -0.3671
vn 0.7339 0.4123 -0.5398
vn 0.3254 0.9096 0.2584
vn 0.3381 0.9086 0.2452
vn 0.8274 0.5607 -0.0304
vn -0.1261 -0.4239 0.8969
vn 0.4717 0.7901 0.3916
vn 0.7649 0.4181 0.4901
vn 0.7648 0.4381 0.4724
vn 0.2484 0.4851 0.8384
vn 0.3344 0.3266 0.8840
vn 0.0447 -0.6216 0.7821
vn 0.2931 -0.3470 0.8909
vn 0.2882 -0.3463 0.8927
vn 0.2840 -0.3498 0.8927
vn 0.8108 -0.0223 0.5849
vn 0.6087 -0.5831 0.5381
vn 0.4617 -0.7755 0.4307
vn 0.7769 -0.4283 0.4615
vn 0.0922 -0.8808 -0.4644
vn 0.3252 -0.9099 -0.2577
vn 0.8331 -0.5524 -0.0284
vn 0.3216 -0.6427 -0.6953
vn 0.4777 -0.7845 -0.3954
vn 0.7687 -0.4221 -0.4806
vn 0.3844 -0.2807 -0.8794
vn 0.4819 -0.1880 -0.8558
vn 0.4819 -0.1812 -0.8573
vn 0.7660 -0.3127 -0.5617
vn 0.5565 -0.3336 -0.7609
vn 0.5590 -0.3270 -0.7620
vn -0.4093 -0.0940 -0.9075
vn -0.7681 -0.0981 -0.6328
vn 0.2446 -0.2205 0.9442
vn -0.2995 -0.9359 -0.1857
vn -0.3910 -0.0566 0.9187
vn -0.3032 -0.2693 0.9141
vn -0.3171 -0.2149 0.9237
vn 0.4351 -0.6515 0.6215
vn -0.7961 -0.1090 0.5952
vn -0.2006 -0.7936 0.5744
vn -0.3530 -0.7032 0.6171
vn -0.1609 -0.9630 0.2162
vn -0.5836 -0.6523 0.4836
vn -0.7872 -0.4526 0.4189
vn -0.3326 -0.9310 0.1505
vn -0.3326 -0.9310 0.1503
vn -0.3324 -0.9311 0.1502
vn -0.1554 -0.9033 -0.4000
vn -0.7948 -0.5844 -0.1637
vn -0.2484 -0.7988 -0.5479
vn -0.0668 -0.4962 -0.8656
vn -0.7735 -0.5127 -0.3725
vn -0.1010 -0.4096 -0.9067
vn 0.9997 -0.0031 0.0234
vn 0.9997 -0.0025 0.0234
vn 0.9972 -0.0063 0.0749
vn 0.9970 -0.0067 0.0772
vn 0.9970 -0.0072 0.0775
vn 0.9942 -0.0167 -0.1064
vn 0.9722 0.2134 0.0965
vn 0.9721 0.2130 0.0980
vn 0.9725 0.2122 0.0957
vn 0.4144 -0.8541 0.3143
vn -0.1525 -0.6801 0.7171
vn -0.1526 -0.6801 0.7171
vn 0.1057 0.6342 0.7659
vn 0.1071 0.6317 0.7678
vn 0.1070 0.6331 0.7666
vn 0.1394 0.6456 0.7509
vn 0.2428 0.6640 -0.7072
vn 0.1242 0.6001 -0.7902
vn 0.1243 0.6000 -0.7903
vn 0.1243 0.6001 -0.7902
vn 0.9852 -0.1709 0.0108
vn 0.9852 -0.1711 0.0104
vn 0.9848 -0.1734 0.0067
vn 0.9959 -0.0903 -0.0049
vn 0.9972 0.0690 0.0283
vn 0.9651 0.1534 -0.2122
vn 0.9653 0.1545 -0.2106
vn 0.9653 0.1555 -0.2097
vn 0.4322 -0.0390 0.9009
vn -0.7705 -0.6019 0.2097
vn 0.5016 -0.6152 -0.6081
vn -0.0090 0.5244 -0.8514
vn -0.0089 0.5245 -0.8514
vn -0.0089 0.5244 -0.8514
vn 0.1113 -0.6444 -0.7566
vn 0.1139 -0.6407 -0.7593
vn 0.1131 -0.6426 -0.7578
vn 0.0125 -0.5988 -0.8008
vn 0.3712 -0.8814 -0.2922
vn 0.0097 -0.5241 0.8516
vn 0.1258 -0.6001 0.7900
vn -0.3512 0.6231 0.6989
vn -0.4016 0.6661 0.6285
vn -0.3101 0.1540 0.9381
vn -0.3109 0.4253 0.8500
vn -0.8018 0.4532 0.3896
vn -0.7995 0.4502 0.3977
vn -0.8000 0.4523 0.3943
vn -0.2242 0.9640 -0.1432
vn 0.1381 0.9884 0.0636
vn 0.1383 0.9883 0.0638
vn 0.1382 0.9884 0.0637
vn -0.2785 0.9448 0.1726
vn 0.4191 0.1443 0.8964
vn -0.2724 0.1172 -0.9550
vn -0.1338 0.6714 -0.7289
vn -0.2405 0.7261 -0.6441
vn -0.7732 0.4973 -0.3936
vn -0.7995 0.5921 -0.1015
vn -0.0050 -0.7196 -0.6944
vn -0.3121 -0.0543 0.9485
vn -0.3122 -0.0543 0.9485
vn 0.1914 0.9510 0.2429
vn -0.1065 0.8698 -0.4818
vn -0.1124 0.8617 -0.4949
vn -0.1133 0.8662 -0.4867
vn -0.1546 0.5211 0.8394
vn -0.1550 0.5210 0.8394
vn -0.1548 0.5210 0.8394
vn -0.0129 -0.9257 0.3780
vn -0.0126 -0.9260 0.3772
vn -0.0127 -0.9253 0.3790
vn 0.0100 -0.9382 0.3459
vn 0.0102 -0.9388 0.3442
vn 0.0105 -0.9384 0.3453
vn -0.3714 0.4039 -0.8360
vn -0.0422 -0.3420 -0.9388
vn -0.0423 -0.3419 -0.9388
vn -0.0421 -0.3420 -0.9388
vn -0.5269 0.3729 -0.7638
vn -0.5270 0.3728 -0.7637
vn -0.5268 0.3729 -0.7638
vn -0.0883 0.1837 -0.9790
vn -0.2721 0.5103 0.8158
vn 0.5261 0.8493 0.0442
vn 0.4105 0.7945 -0.4475
vn 0.4106 0.7944 -0.4476
vn -0.1542 0.9377 0.3113
vn 0.7297 0.6697 -0.1378
vn 0.7278 -0.6783 0.1011
vn 0.8873 -0.4591 -0.0444
vn 0.8873 -0.4591 -0.0445
vn 0.0568 -0.9409 -0.3338
vn 0.0545 -0.9377 -0.3432
vn 0.0567 -0.9393 -0.3385
vn -0.0068 0.9394 -0.3427
vn 0.2076 -0.3486 -0.9140
vn 0.2073 -0.3485 -0.9141
vn 0.2079 -0.3487 -0.9139
vn 0.2446 0.1317 0.9606
vn 0.2448 0.1317 0.9606
vn 0.2450 0.1318 0.9605
vn 0.3013 0.9532 0.0236
vn 0.2940 0.9557 0.0158
vn 0.2945 0.9554 0.0230
vn 0.2499 -0.1469 0.9571
vn 0.2498 -0.1469 0.9571
vn 0.2816 -0.9335 0.2219
vn 0.2817 -0.9335 0.2219
vn 0.1550 0.0325 -0.9874
vn 0.7816 -0.5645 0.2654
vn 0.7816 -0.5646 0.2654
vn 0.0602 0.0262 0.9978
vn 0.0603 0.0257 0.9978
vn 0.0605 0.0269 0.9978
vn -0.0550 -0.9952 0.0808
vn -0.0613 0.9937 -0.0940
vn -0.4839 -0.1261 -0.8660
vn -0.4839 -0.1262 -0.8660
vn 0.9298 -0.3191 -0.1833
vn 0.9298 -0.3192 -0.1833
vn 0.1197 -0.7041 0.6999
vn 0.9412 -0.0757 0.3292
vn -0.3960 0.9181 -0.0155
vn -0.3960 0.9181 -0.0154
vn 0.9126 0.3086 0.2683
vn 0.2003 0.1798 -0.9631
vn 0.9157 0.2598 -0.3065
vn 0.1708 -0.9661 -0.1934
vn -0.1323 -0.2295 0.9643
vn 0.0576 -0.3467 0.9362
vn -0.1724 -0.9216 0.3476
vn -0.1752 -0.9205 0.3493
vn -0.1797 -0.9200 0.3483
vn -0.0573 -0.9066 0.4180
vn -0.0531 -0.9060 0.4200
vn -0.0563 -0.9020 0.4281
vn -0.1785 -0.9641 -0.1966
vn -0.0050 -0.9514 -0.3079
vn 0.1967 -0.8341 -0.5154
vn -0.1607 -0.3678 -0.9159
vn -0.1547 -0.3731 -0.9148
vn -0.1597 -0.3727 -0.9141
vn -0.0754 -0.4187 -0.9050
vn -0.0702 -0.4180 -0.9057
vn -0.0662 -0.4209 -0.9047
vn -0.0450 -0.3563 0.9333
vn 0.1810 -0.9170 0.3553
vn 0.1237 -0.9518 0.2808
vn -0.0923 -0.8483 -0.5215
vn 0.0830 -0.3264 -0.9416
vn 0.1269 -0.2466 -0.9608
vn 0.0297 0.1505 -0.9882
vn -0.0545 0.5496 -0.8337
vn -0.0507 0.5564 -0.8293
vn -0.0494 0.5518 -0.8325
vn 0.0587 0.7897 -0.6106
vn 0.0012 0.9567 -0.2912
vn 0.0013 0.9557 -0.2945
vn 0.0007 0.9562 -0.2928
vn 0.0635 0.9791 0.1930
vn -0.0426 0.8810 0.4712
vn 0.0852 0.2586 0.9622
vn 0.1325 0.3370 0.9321
vn 1.0000 -0.0002 0.0001
vn 1.0000 -0.0003 0.0002
vn 1.0000 -0.0009 0.0003
vn 1.0000 -0.0001 0.0000
vn 1.0000 0.0000 -0.0001
vn 0.0762 -0.9300 0.3596
vn 0.0417 -0.3580 0.9328
vn 0.0051 0.3364 0.9417
vn 0.0784 0.8787 0.4709
vn 0.2075 0.7458 0.6331
vn 0.2075 0.7458 0.6330
vn 0.0788 0.9529 -0.2930
vn 0.0660 0.5490 -0.8332
vn -0.9769 0.1786 -0.1173
vn -0.9769 0.1788 -0.1171
vn -0.9768 0.1791 -0.1170
vn -0.9974 0.0695 -0.0170
vn -0.9795 0.1847 -0.0799
vn -0.9984 0.0371 -0.0419
vn -0.9996 -0.0249 -0.0126
vn -0.9996 -0.0247 -0.0129
vn -0.9994 -0.0316 0.0165
vn -0.9994 -0.0313 0.0165
vn -1.0000 0.0057 -0.0072
vn -1.0000 0.0061 -0.0062
vn -1.0000 0.0059 -0.0068
vn -0.9995 -0.0234 0.0189
vn -0.8846 0.1975 0.4225
vn -0.8843 0.1969 0.4234
vn -0.8844 0.1972 0.4231
vn -0.9990 -0.0374 -0.0259
vn -0.9989 -0.0371 -0.0273
vn -0.9990 -0.0379 -0.0252
vn -0.9993 -0.0274 -0.0251
vn -0.9993 -0.0278 -0.0265
vn -0.9995 -0.0319 -0.0057
vn -0.9979 0.0549 0.0347
vn -0.9995 0.0298 0.0098
vn -0.9955 0.0899 0.0295
vn -0.9955 0.0898 0.0290
vn -0.9955 0.0902 0.0290
vn -0.9993 0.0096 -0.0357
vn 0.0211 -0.3262 -0.9451
vn -0.0434 0.4095 -0.9113
vn -0.1869 0.8455 -0.5002
vn -0.1853 0.8445 -0.5024
vn -0.1865 0.8428 -0.5049
vn -0.1698 0.8594 -0.4823
vn -0.1400 0.9483 0.2847
vn -0.1708 0.5821 0.7950
vn -0.1072 0.2300 0.9673
vn -0.0793 0.4099 0.9087
vn -0.0780 0.4066 0.9103
vn -0.0779 0.4085 0.9094
vn -0.6661 0.7411 -0.0838
vn 0.3427 -0.4679 -0.8146
vn -0.8938 -0.2670 0.3604
vn -0.2604 0.9185 -0.2975
vn -0.2602 0.9182 -0.2986
vn -0.2610 0.9178 -0.2992
vn 0.5092 0.8171 0.2703
vn 0.5102 0.8165 0.2703
vn 0.5097 0.8172 0.2690
vn 0.1384 -0.9855 -0.0986
vn 0.1421 -0.9860 -0.0871
vn 0.1387 -0.9860 -0.0924
vn 0.8473 0.1483 0.5100
vn -0.1028 0.9941 -0.0334
vn -0.2814 0.9140 -0.2923
vn -0.2792 0.9198 -0.2756
vn -0.2722 0.9175 -0.2898
vn 0.4964 0.7632 0.4137
vn 0.1701 -0.9640 0.2045
vn 0.1697 -0.9641 0.2042
vn 0.1710 -0.9638 0.2045
vn 0.3513 -0.8876 0.2980
vn -0.4314 -0.7739 -0.4637
vn -0.4390 -0.7630 -0.4744
vn -0.4335 -0.7644 -0.4772
vn -0.4376 -0.7642 -0.4738
vn -0.6661 0.0838 0.7411
vn 0.3425 0.8146 -0.4680
vn -0.8914 -0.3592 -0.2765
vn -0.8914 -0.3589 -0.2768
vn -0.8914 -0.3590 -0.2767
vn -0.2922 0.3180 0.9019
vn -0.2920 0.3191 0.9016
vn -0.2928 0.3196 0.9012
vn 0.5090 -0.2704 0.8172
vn 0.5100 -0.2703 0.8166
vn 0.5095 -0.2691 0.8173
vn 0.1385 0.0984 -0.9855
vn 0.1423 0.0870 -0.9860
vn 0.1389 0.0923 -0.9860
vn 0.4102 -0.3490 0.8426
vn -0.2789 0.3290 0.9022
vn -0.2782 0.3217 0.9051
vn -0.2748 0.3339 0.9017
vn -0.4420 0.4239 0.7906
vn -0.4378 0.4287 0.7903
vn -0.4436 0.4313 0.7856
vn 0.4991 -0.3910 0.7733
vn 0.1582 -0.0754 -0.9845
vn 0.1555 -0.0734 -0.9851
vn 0.1616 -0.0758 -0.9839
vn -0.3195 0.3312 -0.8878
vn -0.4187 0.4768 -0.7729
vn -0.4117 0.4787 -0.7755
vn -0.4158 0.4754 -0.7754
vn 0.5079 -0.5244 -0.6834
vn 0.5035 -0.5229 -0.6878
vn 0.5063 -0.5227 -0.6859
vn -0.1957 -0.9567 0.2155
vn -0.8664 0.1162 -0.4857
vn -0.8664 0.1168 -0.4856
vn -0.8663 0.1164 -0.4857
vn 0.0469 -0.9092 0.4138
vn 0.4664 0.8845 -0.0122
vn 0.4713 0.8819 -0.0119
vn 0.4730 0.8809 -0.0174
vn 0.1502 0.9681 0.2005
vn 0.1590 0.9680 0.1943
vn 0.1539 0.9685 0.1959
vn -0.4085 -0.8098 0.4212
vn -0.4128 -0.8145 0.4078
vn -0.4015 -0.8156 0.4166
vn 0.3701 -0.8621 -0.3463
vn -0.1862 -0.9477 0.2592
vn 0.2102 -0.9420 -0.2617
vn 0.4795 0.7941 -0.3736
vn 0.4802 0.7933 -0.3742
vn 0.4790 0.7945 -0.3733
vn 0.4724 0.7998 -0.3704
vn -0.4564 0.7417 0.4916
vn -0.4542 0.7475 0.4848
vn -0.4472 0.7503 0.4868
vn -0.4515 0.7499 0.4835
vn -0.3543 -0.0098 0.9351
vn 0.0293 -0.7027 -0.7109
vn 0.0312 -0.7025 -0.7110
vn 0.0305 -0.7012 -0.7123
vn 0.0962 -0.8686 0.4861
vn 0.1028 -0.8694 0.4834
vn 0.0990 -0.8714 0.4804
vn 0.3890 -0.9163 -0.0952
vn -0.8844 0.4227 0.1979
vn -0.8844 0.4226 0.1983
vn -0.8844 0.4227 0.1981
vn -0.0368 -0.4182 -0.9076
vn -0.0361 -0.4187 -0.9074
vn -0.0368 -0.4192 -0.9071
vn -0.1264 -0.0336 0.9914
vn -0.1262 -0.0292 0.9916
vn -0.1268 -0.0248 0.9916
vn 0.2582 0.9654 0.0355
vn -0.4828 -0.4634 -0.7431
vn -0.4862 -0.4513 -0.7483
vn -0.4763 -0.4592 -0.7499
vn 0.3438 0.3135 -0.8852
vn -0.2312 -0.2856 -0.9301
vn -0.2303 -0.2780 -0.9326
vn -0.2259 -0.2914 -0.9295
vn 0.1289 0.1986 -0.9716
vn 0.5535 0.4487 0.7017
vn -0.3492 -0.3641 0.8634
vn -0.4386 -0.4932 0.7512
vn -0.4317 -0.4953 0.7539
vn -0.4358 -0.4919 0.7538
vn 0.5252 0.4026 0.7497
vn -1.0000 0.0003 0.0086
vn -0.9992 -0.0396 0.0045
vn -0.9999 0.0048 0.0144
vn -0.9989 -0.0467 -0.0095
vn -0.9995 0.0254 0.0165
vn -0.9995 0.0225 -0.0243
vn -0.9999 0.0002 -0.0144
vn -0.9982 0.0580 0.0145
vn -0.9980 0.0626 0.0029
vn -0.1248 0.4539 -0.8823
vn 0.5854 -0.2041 -0.7846
vn -0.8765 0.4805 -0.0287
vn 0.8026 0.3578 -0.4772
vn -0.2395 0.9059 -0.3493
vn 0.0437 -0.1608 -0.9860
vn 0.0442 -0.1599 -0.9861
vn 0.0444 -0.1605 -0.9860
vn 0.7220 0.4120 0.5559
vn 0.0526 0.7518 -0.6573
vn 0.1901 -0.0058 -0.9818
vn 0.1899 -0.0058 -0.9818
vn 0.1897 -0.0057 -0.9818
vn -0.9966 -0.0420 0.0706
vn -0.9301 0.3232 0.1744
vn -0.9522 0.2718 0.1394
vn 0.7955 0.4877 -0.3596
vn 0.4908 0.8649 -0.1053
vn -0.7435 0.0134 0.6686
vn -0.0587 0.8989 -0.4342
vn -0.3910 0.8694 0.3020
vn 0.9873 0.1499 -0.0533
vn 0.0089 0.9561 -0.2930
vn 0.3050 0.8669 -0.3943
vn 0.0151 -0.3029 0.9529
vn -0.0393 0.9899 0.1362
vn -0.9356 -0.1371 -0.3254
vn -0.8156 0.0312 -0.5778
vn -0.2489 0.3334 -0.9093
vn -0.2514 0.3303 -0.9098
vn -0.2506 0.3321 -0.9093
vn -0.8007 0.0062 -0.5991
vn -0.8010 0.0042 -0.5987
vn -0.8022 0.0040 -0.5970
vn -0.1363 0.9907 -0.0067
vn -0.1358 0.9907 -0.0074
vn -0.1364 0.9906 -0.0075
vn -0.0503 0.0202 -0.9985
vn -0.0498 0.0206 -0.9985
vn -0.0504 0.0194 -0.9985
vn -0.9024 -0.2149 -0.3735
vn -0.5777 0.5230 0.6267
vn -0.9426 0.1464 0.3000
vn 0.0175 0.9018 0.4317
vn -0.3037 0.5485 -0.7790
vn -0.4326 0.4957 0.7531
vn -0.4334 0.4984 0.7509
vn -0.4365 0.4984 0.7490
vn 0.0317 0.2809 -0.9592
vn 0.0290 0.2882 -0.9571
vn 0.0329 0.2949 -0.9550
vn -0.0556 0.8094 0.5846
vn 0.1208 0.9847 0.1258
vn 0.7381 0.6362 0.2246
vn -0.1224 0.9470 0.2971
vn -0.1223 0.9470 0.2971
vn 0.3047 0.8148 0.4931
vn -0.7505 0.0213 0.6606
vn 0.7732 0.3886 0.5012
vn 0.0586 0.6410 0.7653
vn -0.6846 0.5480 -0.4806
vn -0.6810 0.5584 -0.4737
vn -0.6811 0.5538 -0.4790
vn -0.1683 0.3772 0.9107
vn 0.8503 0.3550 0.3884
vn -0.8769 0.4527 -0.1615
vn -0.6004 0.7885 -0.1335
vn 0.4080 0.7010 0.5850
vn -0.0595 0.3321 0.9414
vn -0.0765 0.3574 0.9308
vn -0.7977 0.5986 0.0726
vn -0.7978 0.5986 0.0725
vn -0.7978 0.5986 0.0726
vn -0.0759 0.5623 -0.8235
vn 0.4543 0.3868 -0.8025
vn 0.7203 0.2282 0.6551
vn 0.6095 0.2040 0.7661
vn 0.9906 -0.0805 0.1106
vn 0.2515 0.4733 -0.8443
vn 0.2504 0.4727 -0.8449
vn 0.2489 0.4728 -0.8453
vn -0.1716 0.3379 0.9254
vn 0.9101 0.0259 0.4136
vn 0.7209 0.6471 -0.2481
vn 0.2211 -0.9349 0.2777
vn -0.2349 0.8713 -0.4308
vn -0.2323 0.8719 -0.4310
vn -0.2360 0.8723 -0.4282
vn 0.9289 0.3694 -0.0250
vn 0.9646 0.2367 0.1167
vn -0.1630 0.1158 0.9798
vn -0.1753 0.1184 0.9774
vn -0.1703 0.1140 0.9788
vn 0.0947 -0.3853 -0.9179
vn 0.0116 -0.4827 -0.8757
vn 0.0105 -0.4877 -0.8730
vn 0.0173 -0.4870 -0.8733
vn 0.0890 -0.6793 -0.7285
vn -0.0069 -0.8083 -0.5887
vn 0.1107 -0.9379 -0.3288
vn 0.1074 -0.9340 -0.3408
vn 0.1124 -0.9353 -0.3355
vn 0.0099 -0.9878 -0.1552
vn 0.0078 -0.9875 -0.1576
vn 0.0086 -0.9870 -0.1607
vn 0.1155 -0.9845 0.1317
vn 0.0639 -0.8623 0.5023
vn 0.0013 -0.9181 0.3964
vn -0.0002 -0.6560 0.7547
vn -0.0206 -0.6356 0.7717
vn 0.0456 -0.2834 0.9579
vn 0.0449 -0.2791 0.9592
vn 0.0412 -0.2765 0.9601
vn 0.0580 0.0916 0.9941
vn 0.0579 0.0921 0.9941
vn 0.0575 0.0923 0.9941
vn 0.0640 -0.3068 0.9496
vn 0.0678 -0.3091 0.9486
vn 0.0628 -0.3027 0.9510
vn 0.1217 0.0009 0.9926
vn 0.1220 0.0006 0.9925
vn 0.1214 0.0013 0.9926
vn 0.0025 0.4170 0.9089
vn 0.0043 0.4237 0.9058
vn -0.0030 0.4123 0.9110
vn 0.1225 0.8186 0.5611
vn 0.1126 0.9876 0.1098
vn 0.1126 0.9876 0.1092
vn 0.1122 0.9877 0.1088
vn 0.0117 0.9262 0.3768
vn 0.0696 0.9974 0.0193
vn 0.0701 0.9973 0.0197
vn 0.0695 0.9974 0.0187
vn 0.0184 -0.0314 -0.9993
vn 0.0197 -0.0272 -0.9994
vn 0.0220 -0.0334 -0.9992
vn 0.0261 -0.0363 -0.9990
vn 0.0268 -0.0283 -0.9992
vn 0.0303 -0.0369 -0.9989
vn -0.2155 0.2043 -0.9549
vn -0.0742 0.0043 -0.9972
vn 0.1847 -0.0724 -0.9801
vn 0.1848 -0.0723 -0.9801
vn 0.1848 -0.0722 -0.9801
vn -0.0335 -0.1887 -0.9815
vn -0.0317 -0.1881 -0.9816
vn -0.0323 -0.1883 -0.9816
vn -0.0343 -0.1890 -0.9814
vn 0.2223 -0.0399 -0.9742
vn 0.2160 -0.0440 -0.9754
vn 0.2097 -0.0434 -0.9768
vn -0.1738 -0.0445 -0.9838
vn -0.1728 -0.0438 -0.9840
vn -0.1690 -0.0441 -0.9846
vn 0.0489 0.1646 -0.9851
vn 0.0313 -0.0370 -0.9988
vn 0.0377 -0.0379 -0.9986
vn 0.0357 -0.0422 -0.9985
vn 0.0296 0.0586 -0.9978
vn 0.0278 0.0603 -0.9978
vn 0.0282 0.0589 -0.9979
vn -0.0522 -0.0061 -0.9986
vn -0.0516 -0.0075 -0.9986
vn -0.0515 -0.0060 -0.9987
vn -0.1057 0.0100 -0.9944
vn -0.1031 0.0102 -0.9946
vn -0.0439 -0.2816 -0.9585
vn 0.0115 0.0526 -0.9986
vn 0.0108 0.0550 -0.9984
vn 0.0093 0.0565 -0.9984
vn -0.0042 0.0230 -0.9997
vn -0.0011 0.0237 -0.9997
vn -0.0033 0.0197 -0.9998
vn 0.0609 0.0072 -0.9981
vn 0.0655 0.0121 -0.9978
vn 0.0670 0.0061 -0.9977
vn 0.0218 -0.0209 -0.9995
vn 0.0228 -0.0161 -0.9996
vn 0.0234 -0.0111 -0.9997
vn 0.2215 -0.1913 -0.9562
vn -0.0440 -0.1430 -0.9887
vn -0.3043 -0.0539 -0.9510
vn -0.3113 -0.0542 -0.9488
vn -0.3099 -0.0490 -0.9495
vn -0.0258 -0.0768 -0.9967
vn -0.0277 -0.0775 -0.9966
vn -0.0270 -0.0762 -0.9967
vn -0.1064 0.1270 -0.9862
vn -0.1036 0.1253 -0.9867
vn -0.1050 0.1260 -0.9865
vn 0.9755 0.2076 0.0722
vn -0.5778 -0.6419 -0.5041
vn -0.5777 -0.6419 -0.5042
vn -0.5778 -0.6420 -0.5040
vn 0.8635 -0.0064 -0.5044
vn 0.8645 -0.0024 -0.5026
vn 0.8643 -0.0108 -0.5029
vn 0.4467 0.5258 -0.7239
vn 0.4498 0.5226 -0.7243
vn 0.4495 0.5188 -0.7272
vn 0.3491 0.6856 -0.6388
vn 0.8254 0.4733 -0.3078
vn 0.8063 -0.2313 -0.5444
vn 0.8062 -0.2313 -0.5445
vn -0.2668 -0.3971 -0.8782
vn -0.2667 -0.3972 -0.8781
vn -0.2667 -0.3971 -0.8782
vn -0.2246 -0.2638 -0.9381
vn 0.0632 0.9616 -0.2671
vn 0.1291 0.9327 -0.3367
vn -0.0087 0.7740 -0.6331
vn -0.0105 0.7688 -0.6394
vn -0.0045 0.7708 -0.6370
vn 0.2431 0.5386 -0.8067
vn -0.2822 0.3190 -0.9048
vn -0.2821 0.3189 -0.9048
vn 0.1245 -0.5385 -0.8334
vn 0.1167 -0.5427 -0.8318
vn 0.0630 -0.6183 -0.7834
vn 0.0632 -0.6239 -0.7789
vn 0.0677 -0.6210 -0.7809
vn 0.1661 -0.8003 -0.5762
vn 0.0306 -0.9058 -0.4227
vn 0.0263 -0.9045 -0.4256
vn 0.0267 -0.9022 -0.4305
vn 0.1054 -0.9526 -0.2853
vn 0.0686 -0.5988 0.7979
vn 0.6470 -0.4084 0.6439
vn 0.4874 0.0326 -0.8726
vn -0.8591 -0.5112 0.0266
vn -0.8591 -0.5111 0.0265
vn -0.8591 -0.5111 0.0264
vn 0.7411 -0.0789 -0.6667
vn 0.7412 -0.0788 -0.6667
vn -0.9089 -0.3770 -0.1785
vn 0.7081 -0.7060 -0.0126
vn -0.6627 -0.3285 -0.6730
vn -0.0452 -0.8879 0.4578
vn -0.0448 -0.8885 0.4567
vn -0.0447 -0.8882 0.4573
vn -0.3929 -0.2931 0.8716
vn -0.5364 -0.8247 -0.1792
vn 0.6428 -0.6073 0.4669
vn -0.9109 0.2829 0.3004
vn 0.0250 -0.9520 0.3052
vn -0.1865 -0.9122 -0.3647
vn -0.0329 -0.9992 0.0221
vn 0.8056 -0.5660 0.1751
vn 0.5891 -0.7231 0.3607
vn 0.5891 -0.7231 0.3608
vn 0.5891 -0.7231 0.3606
vn -0.6810 -0.5818 -0.4447
vn -0.6764 -0.5833 -0.4496
vn -0.6780 -0.5844 -0.4459
vn -0.0243 -0.9989 0.0406
vn -0.5996 0.1006 0.7939
vn 0.2025 0.3841 0.9008
vn 0.0399 -0.9490 -0.3129
vn 0.0408 -0.9498 -0.3101
vn 0.0399 -0.9494 -0.3114
vn -0.9760 0.1101 -0.1880
vn -0.8882 -0.2306 0.3974
vn -0.8883 -0.2308 0.3970
vn -0.8883 -0.2308 0.3972
vn 0.5735 -0.8136 -0.0957
vn -0.2926 -0.3371 0.8948
vn -0.2920 -0.3403 0.8938
vn -0.2893 -0.3392 0.8951
vn -0.5540 -0.5637 -0.6127
vn -0.5522 -0.5674 -0.6108
vn -0.5580 -0.5681 -0.6049
vn -0.0058 -0.8020 -0.5973
vn -0.0445 -0.8439 -0.5346
vn -0.8928 0.3320 -0.3045
vn -0.6411 -0.5284 0.5567
vn -0.9382 -0.1503 -0.3118
vn 0.3139 -0.8517 -0.4196
vn 0.7718 -0.5236 -0.3608
vn 0.0072 -0.3170 0.9484
vn 0.0136 -0.3256 0.9454
vn 0.0126 -0.3198 0.9474
vn -0.0684 -0.2322 0.9703
vn -0.0653 -0.2373 0.9692
vn -0.0597 -0.2403 0.9689
vn 0.0012 -0.8204 -0.5718
vn -0.4063 -0.1456 -0.9021
vn -0.4060 -0.1460 -0.9022
vn -0.4065 -0.1460 -0.9019
vn -0.9863 -0.1035 0.1287
vn 0.8634 -0.4249 -0.2720
vn 0.7765 -0.2423 0.5817
vn -0.0277 -0.4842 -0.8745
vn -0.0259 -0.4813 -0.8762
vn -0.0260 -0.4829 -0.8753
vn -0.8668 -0.4849 0.1163
vn -0.2819 -0.8990 0.3351
vn -0.2594 -0.9027 0.3433
vn -0.2600 -0.9022 0.3441
vn -0.2603 -0.9017 0.3451
vn 0.2723 -0.4691 -0.8401
vn 0.6141 -0.1853 0.7671
vn 0.5845 -0.4662 -0.6641
vn 0.0804 -0.3203 -0.9439
vn 0.0804 -0.3198 -0.9441
vn 0.0806 -0.3195 -0.9441
vn 0.9939 0.0039 -0.1098
vn 0.9939 0.0038 -0.1098
vn 0.5459 0.1832 -0.8175
vn 0.1780 -0.9006 0.3965
vn -0.7667 -0.6368 -0.0812
vn 0.0145 -0.6912 0.7225
vn 0.8961 -0.0178 -0.4434
vn 0.9402 0.1666 -0.2972
vn -0.5632 0.8219 0.0847
vn -0.5732 0.8151 0.0837
vn -0.5686 0.8179 0.0878
vn -0.0439 -0.5299 0.8469
vn -0.0441 -0.5299 0.8469
vn -0.0438 -0.5300 0.8469
vn 0.9097 -0.4151 0.0117
vn 0.9466 -0.2728 -0.1719
vn -0.5646 -0.0393 -0.8245
vn -0.5749 -0.0434 -0.8170
vn -0.5704 -0.0393 -0.8205
vn 0.0559 0.9387 -0.3402
vn 0.0607 0.9384 -0.3401
vn 0.0603 0.9390 -0.3387
vn 0.0558 0.9387 -0.3401
vn 0.1169 0.8093 -0.5757
vn 0.1138 0.3532 -0.9286
vn -0.0025 0.5589 -0.8292
vn -0.0001 0.5577 -0.8300
vn 0.0985 0.5918 -0.8001
vn 0.9161 -0.4009 -0.0102
vn 0.2055 0.8363 -0.5082
vn 0.2042 0.8379 -0.5061
vn 0.2099 0.8340 -0.5102
vn 0.0796 0.9963 -0.0333
vn 0.0987 0.9950 -0.0175
vn 0.0985 0.9950 -0.0179
vn 0.0984 0.9950 -0.0178
vn -0.0772 0.9967 0.0239
vn -0.0790 0.9967 0.0210
vn -0.0756 0.9970 0.0168
vn 0.2211 0.7898 0.5721
vn 0.2184 0.7914 0.5710
vn 0.2216 0.7892 0.5727
vn 0.0607 0.9909 -0.1197
vn -0.1348 0.9839 0.1174
vn -0.1345 0.9840 0.1171
vn -0.1346 0.9839 0.1172
vn 0.0391 -0.9937 -0.1050
vn 0.0384 -0.9936 -0.1064
vn 0.0680 -0.9977 0.0044
vn 0.0685 -0.9976 0.0080
vn 0.0698 -0.9975 0.0080
vn 0.0529 -0.9985 0.0149
vn 0.0503 -0.9986 0.0139
vn 0.0508 -0.9986 0.0150
vn 0.0986 -0.9951 -0.0030
vn 0.0998 -0.9950 -0.0020
vn 0.0581 -0.9916 0.1157
vn 0.0567 -0.9915 0.1170
vn 0.0581 -0.9912 0.1193
vn 0.0822 -0.9961 0.0314
vn 0.0830 -0.9962 0.0254
vn 0.0783 -0.9965 0.0294
vn -0.1157 -0.9904 -0.0759
vn -0.1151 -0.9902 -0.0787
vn -0.1167 -0.9900 -0.0793
vn 0.1025 0.3187 0.9423
vn 0.0742 0.7679 0.6363
vn 0.0591 0.3959 0.9164
vn 0.0579 0.3975 0.9158
vn 0.0584 0.3941 0.9172
vn 0.0408 0.7989 0.6001
vn 0.1049 0.9232 0.3698
vn 0.1000 0.9218 0.3746
vn 0.1036 0.9219 0.3732
vn 0.0657 0.9114 0.4063
vn 0.0621 0.9110 0.4076
vn 0.0604 0.9097 0.4108
vn 0.0579 -0.9494 0.3086
vn 0.0609 -0.9484 0.3112
vn 0.0609 -0.9471 0.3151
vn 0.1373 -0.9132 0.3836
vn 0.1379 -0.9120 0.3862
vn 0.1355 -0.9117 0.3879
vn 0.0474 -0.7669 0.6400
vn 0.1656 -0.6340 0.7554
vn 0.0291 -0.3829 0.9233
vn 0.0317 -0.3791 0.9248
vn 0.0304 -0.3748 0.9266
vn 0.0853 -0.3033 0.9491
vn 0.4680 0.6474 0.6016
vn -0.3825 0.6802 0.6254
vn -0.5867 0.6658 0.4609
vn -0.5867 0.6658 0.4610
vn 0.5297 0.6077 0.5918
vn -0.2839 0.9565 -0.0666
vn 0.0625 0.9237 0.3779
vn -0.0378 0.7927 0.6084
vn -0.0381 0.7928 0.6083
vn -0.0380 0.7927 0.6084
vn -0.1537 0.4753 -0.8663
vn 0.0366 0.3400 -0.9397
vn 0.0350 0.3419 -0.9391
vn 0.0411 0.3453 -0.9376
vn -0.6313 0.4322 0.6440
vn -0.1513 0.4547 0.8777
vn 0.0007 0.3503 0.9366
vn -0.1209 0.9744 -0.1896
vn 0.7210 0.6762 0.1516
vn 0.5580 0.7835 0.2735
vn 0.3994 0.3061 -0.8641
vn 0.4240 0.3190 -0.8476
vn 0.4964 0.7574 0.4241
vn 0.7295 0.6096 -0.3102
vn 0.3437 0.3391 -0.8757
vn 0.3135 0.8069 0.5007
vn 0.3094 0.8060 0.5046
vn 0.3090 0.8089 0.5002
vn 0.3763 0.8214 -0.4286
vn 0.5097 0.6739 -0.5349
vn 0.4315 0.3139 0.8458
vn 0.4316 0.3138 0.8457
vn 0.4313 0.3140 0.8458
vn 0.7517 0.1231 0.6480
vn 0.2934 0.9262 -0.2369
vn 0.4308 0.3033 0.8500
vn 0.4309 0.3035 0.8498
vn 0.4310 0.3032 0.8499
vn 0.4448 0.3222 0.8357
vn 0.6260 -0.7143 -0.3129
vn 0.6947 -0.5549 0.4578
vn 0.3404 -0.4234 0.8395
vn 0.3099 -0.3401 0.8879
vn 0.2746 -0.7555 -0.5948
vn 0.2702 -0.7544 -0.5982
vn 0.2701 -0.7577 -0.5941
vn 0.3799 -0.8148 0.4379
vn 0.5311 -0.6369 0.5588
vn 0.7143 -0.5806 -0.3908
vn 0.5883 -0.5912 -0.5517
vn 0.2691 -0.9452 0.1849
vn 0.6996 0.0443 -0.7132
vn 0.4121 -0.3338 -0.8478
vn 0.3366 -0.3798 -0.8617
vn 0.0818 -0.9883 0.1285
vn -0.0212 -0.9994 0.0281
vn -0.6340 -0.4268 0.6449
vn 0.0518 -0.9111 -0.4090
vn -0.0354 -0.7900 -0.6121
vn -0.1277 -0.4447 0.8865
vn 0.0200 -0.3399 0.9402
vn 0.0190 -0.3412 0.9398
vn 0.0243 -0.3455 0.9381
vn -0.6426 -0.4130 -0.6453
vn -0.6426 -0.4129 -0.6454
vn -0.6426 -0.4128 -0.6455
vn -0.0523 -0.7928 0.6072
vn -0.1523 -0.4386 -0.8857
vn -0.0206 -0.3527 -0.9355
vn 0.4629 -0.6205 -0.6331
vn -0.4049 -0.6257 -0.6668
vn -0.3115 -0.6299 -0.7114
vn -0.3116 -0.6300 -0.7113
vn -0.3115 -0.6300 -0.7114
vn 0.3760 -0.6652 -0.6451
vn 0.5150 -0.5766 0.6343
vn -0.4732 -0.5974 0.6475
vn -0.5836 -0.5091 0.6327
vn -0.5836 -0.5091 0.6326
vn 0.5919 -0.5149 0.6201
vn 0.5920 -0.5149 0.6201
vn 0.5919 -0.5148 0.6202
vn -0.4268 0.6549 -0.6236
vn -0.0991 0.7821 -0.6152
vn 0.3941 0.6425 -0.6572
vn 0.3941 0.6424 -0.6572
vn 0.1678 -0.7523 -0.6370
vn 0.1678 -0.7523 -0.6371
vn 0.1678 -0.7524 -0.6370
vn -0.4782 -0.6317 -0.6101
vn -0.6901 -0.5752 -0.4392
vn 0.5056 -0.6017 -0.6183
vn 0.7269 0.4188 0.5442
vn -0.4257 0.6227 0.6566
vn -0.2133 0.6262 0.7499
vn 0.3938 0.6484 0.6516
vn 0.5040 0.6000 -0.6212
vn -0.4778 0.6056 -0.6364
vn -0.6229 0.4839 -0.6146
vn 0.6611 0.4686 -0.5860
vn -0.4269 -0.6554 0.6231
vn -0.1003 -0.7820 0.6152
vn 0.3999 -0.6393 0.6568
vn -0.3288 -0.4680 0.8203
vn -0.7578 -0.2502 0.6026
vn -0.7584 -0.2497 0.6021
vn -0.7589 -0.2499 0.6014
vn 0.0422 -0.9901 0.1336
vn 0.0378 -0.9905 0.1325
vn 0.0407 -0.9902 0.1335
vn -0.7068 -0.6839 0.1807
vn -0.0999 -0.5900 -0.8012
vn -0.0992 -0.5920 -0.7998
vn -0.0989 -0.5921 -0.7997
vn -0.2202 0.4488 -0.8661
vn -0.2197 0.4467 -0.8673
vn -0.2197 0.4465 -0.8674
vn -0.7674 -0.1905 -0.6122
vn -0.0427 -0.9055 -0.4223
vn 0.0402 -0.1151 0.9925
vn 0.0389 -0.1176 0.9923
vn 0.0448 -0.1123 0.9927
vn 0.0647 -0.0294 0.9975
vn 0.0648 -0.0294 0.9975
vn 0.0619 -0.0273 0.9977
vn 0.0617 -0.0274 0.9977
vn 0.0616 -0.0274 0.9977
vn 0.1047 0.0080 0.9945
vn 0.1020 0.0096 0.9947
vn 0.1058 0.0074 0.9944
vn 0.0840 0.0725 0.9938
vn 0.0895 0.0711 0.9934
vn 0.0879 0.0658 0.9940
vn 0.1064 -0.0004 0.9943
vn 0.1044 0.0023 0.9945
vn 0.1075 0.0065 0.9942
vn -0.0985 -0.1001 0.9901
vn -0.0972 -0.1034 0.9899
vn -0.0938 -0.1040 0.9901
vn -0.5456 0.8291 0.1223
vn -0.0843 -0.9919 0.0952
vn -0.0722 -0.9926 0.0981
vn -0.0786 -0.9919 0.1002
vn -0.4803 -0.8263 -0.2943
vn -0.4753 -0.8303 -0.2909
vn -0.4864 -0.8230 -0.2933
vn -0.5109 0.4911 0.7056
vn -0.6115 -0.1655 -0.7737
vn -0.6016 -0.1696 -0.7806
vn -0.6068 -0.1706 -0.7763
vn -0.3758 -0.4237 -0.8242
vn -0.3695 -0.4270 -0.8253
vn -0.3822 -0.4237 -0.8213
vn -0.4532 0.3195 0.8322
vn -0.4433 0.3248 0.8354
vn -0.4492 0.3257 0.8320
vn -0.3675 -0.8746 -0.3163
vn -0.1475 0.9883 -0.0385
vn -0.1344 -0.9766 0.1682
vn -0.4445 -0.8664 -0.2274
vn -0.5953 0.7782 -0.1999
vn -0.1132 -0.8771 0.4667
vn -0.1132 -0.8772 0.4666
vn -0.1132 -0.8772 0.4667
vn -0.7822 0.0052 -0.6230
vn -0.1945 0.9773 0.0842
vn 0.0014 -0.9580 -0.2868
vn 0.0011 -0.9579 -0.2870
vn 0.0012 -0.9580 -0.2869
vn 0.6414 0.7232 0.2563
vn 0.7335 0.2830 -0.6180
vn 0.7337 0.2829 -0.6178
vn 0.7336 0.2830 -0.6179
vn 0.9942 -0.0213 0.1057
vn 0.9942 -0.0214 0.1057
vn 0.9942 -0.0212 0.1059
vn 0.6582 -0.3686 -0.6564
vn 0.6581 -0.3687 -0.6565
vn 0.6582 -0.3687 -0.6564
vn 0.5876 -0.7845 0.1981
vn 0.0060 0.9400 -0.3411
vn -0.6824 0.0005 -0.7310
vn -0.2379 0.2141 -0.9474
vn -0.3897 -0.1547 -0.9079
vn -0.3689 -0.1391 -0.9190
vn -0.3689 -0.1382 -0.9191
vn -0.6226 -0.0955 -0.7767
vn 0.0409 -0.9902 0.1336
vn -0.6705 0.7276 0.1453
vn -0.8694 0.3686 -0.3289
vn -0.8694 0.3686 -0.3290
vn -0.8695 0.3686 -0.3288
vn -0.1158 0.0527 -0.9919
vn 0.1882 -0.9462 0.2631
vn 0.1881 -0.9463 0.2630
vn 0.5779 -0.3526 -0.7360
vn -0.7550 0.4574 -0.4698
vn 0.8609 -0.5000 -0.0945
vn 0.8609 -0.5000 -0.0944
vn -0.4329 -0.8365 -0.3359
vn -0.6681 0.5736 -0.4739
vn -0.9706 0.2388 -0.0313
vn -0.9705 0.2389 -0.0313
vn 0.1597 0.9823 -0.0978
vn -0.0881 -0.3703 -0.9247
vn 0.2880 -0.8921 -0.3483
vn 0.2951 -0.8928 -0.3404
vn 0.2918 -0.8914 -0.3468
vn -0.1053 0.3794 -0.9192
vn -0.1004 0.3822 -0.9186
vn -0.1006 0.3753 -0.9214
vn -0.9105 -0.4090 -0.0610
vn -0.7187 -0.5845 -0.3766
vn 0.1898 -0.9811 -0.0367
vn -0.2604 0.9362 -0.2359
vn -0.2604 0.9363 -0.2358
vn 0.4630 0.5453 -0.6988
vn -0.0630 -0.2625 -0.9629
vn -0.0626 -0.2660 -0.9619
vn 0.0306 0.0348 -0.9989
vn 0.0316 0.0351 -0.9989
vn 0.0070 0.7900 0.6130
vn 0.0070 0.7899 0.6132
vn 0.0070 0.7900 0.6131
vn -0.6094 0.5321 -0.5878
vn 0.7757 0.3702 -0.5111
vn 0.7798 0.6241 -0.0497
vn 0.7785 0.6259 -0.0472
vn 0.7817 0.6216 -0.0508
vn 0.7052 -0.5307 -0.4702
vn 0.5697 -0.5491 -0.6115
vn 0.5718 -0.5444 -0.6137
vn 0.5763 -0.5424 -0.6112
vn -0.5162 -0.8337 0.1963
vn -0.5161 -0.8342 0.1942
vn -0.5180 -0.8330 0.1944
vn -0.6202 0.6429 -0.4495
vn -0.5773 0.3722 -0.7268
vn 0.2984 0.9482 -0.1091
vn 0.4475 0.5330 -0.7181
vn 0.8065 0.4925 -0.3271
vn -0.6373 0.7211 0.2718
vn -0.3896 -0.4848 -0.7831
vn -0.3842 -0.4835 -0.7865
vn -0.7411 -0.4486 -0.4996
vn -0.7367 -0.4525 -0.5025
vn 0.4220 -0.8907 -0.1689
vn -1.0000 -0.0052 -0.0012
vn -1.0000 -0.0031 -0.0027
vn -1.0000 -0.0007 -0.0029
vn -0.9999 0.0115 0.0061
vn -1.0000 0.0058 0.0068
vn -0.9998 0.0159 0.0075
vn -1.0000 -0.0038 -0.0027
vn -0.9859 0.1414 -0.0895
vn -0.9868 0.1356 -0.0888
vn -0.9897 -0.0368 -0.1386
vn -0.9956 0.0875 0.0338
vn -0.9895 -0.0937 0.1102
vn -0.9850 0.1229 0.1214
vn 0.1047 -0.4230 0.9001
vn -0.9983 -0.0552 -0.0175
vn -0.9973 0.0336 -0.0646
vn -0.9792 0.1686 0.1130
vn -0.9899 -0.1207 -0.0741
vn -0.9966 0.0735 -0.0380
vn -0.9982 -0.0475 0.0363
vn -0.9892 -0.0405 0.1408
vn -0.9954 0.0709 0.0648
vn -0.9642 0.1800 0.1949
vn -0.9646 -0.1795 -0.1930
vn -0.9989 0.0143 0.0457
vn -0.9979 0.0254 0.0599
vn -0.9961 -0.0020 0.0881
vn -1.0000 -0.0021 -0.0014
vn -0.9812 0.1664 -0.0981
vn 0.4836 0.2857 -0.8273
vn 0.4835 0.2858 -0.8273
vn 0.4835 0.2859 -0.8274
vn -0.7155 0.5615 -0.4157
vn 0.0021 0.9992 0.0396
vn -0.0873 0.8844 -0.4586
vn -0.1597 0.8197 -0.5501
vn 0.0720 0.1606 -0.9844
vn -0.1286 -0.2536 -0.9587
vn 0.0092 -0.6297 -0.7768
vn -0.0710 -0.9517 -0.2987
vn -0.9836 -0.0860 -0.1587
vn 0.0043 -0.9900 -0.1410
vn -0.0451 -0.7959 0.6038
vn -0.0214 -0.7692 0.6387
vn -0.0488 -0.0216 0.9986
vn -0.0677 0.0157 0.9976
vn -0.1115 0.8121 0.5728
vn 0.0126 0.6328 0.7742
vn 0.2426 0.9584 -0.1504
vn -0.1358 0.9808 0.1397
vn -0.0856 0.9929 0.0829
vn 0.2377 -0.3995 -0.8854
vn 0.0070 0.9376 -0.3476
vn 0.0406 -0.1452 -0.9886
vn -0.1539 -0.0155 -0.9880
vn -0.0788 0.7670 -0.6368
vn 0.0456 0.4983 -0.8658
vn 0.0001 0.2999 -0.9540
vn -0.1341 -0.5709 -0.8100
vn -0.1376 -0.5644 -0.8140
vn -0.1344 -0.5670 -0.8127
vn -0.0834 -0.6337 -0.7691
vn -0.0859 -0.6305 -0.7714
vn -0.0848 -0.6273 -0.7741
vn 0.0015 -0.8630 -0.5052
vn -0.0704 -0.3000 -0.9514
vn 0.8234 -0.0410 0.5659
vn 0.8997 0.3672 -0.2360
vn 0.8997 0.3672 -0.2359
vn 0.7442 0.6624 0.0864
vn 0.8834 0.3968 -0.2493
vn 0.9248 0.3784 0.0395
vn -0.2592 0.6082 0.7502
vn 0.0654 -0.9893 -0.1307
vn -0.1338 0.9681 0.2118
vn 0.0480 -0.7931 0.6072
vn 0.0291 -0.9971 -0.0697
vn -0.0149 -0.5216 0.8530
vn -0.0515 0.9181 0.3929
vn -0.0943 -0.6615 0.7440
vn -0.0588 0.0049 0.9983
vn -0.0567 0.0049 0.9984
vn -0.0584 0.0029 0.9983
vn -0.1398 -0.1594 0.9773
vn 0.0573 0.4928 0.8682
vn 0.1828 0.2769 0.9434
vn 0.1832 0.2682 0.9458
vn 0.1886 0.2613 0.9466
vn -0.0336 -0.9987 -0.0395
vn -0.0600 -0.8288 0.5563
vn 0.3470 -0.4917 0.7987
vn 0.9133 -0.3648 -0.1809
vn 0.7439 -0.2551 -0.6177
vn 0.8823 -0.4168 -0.2185
vn 0.9249 -0.1542 -0.3475
vn 0.9997 0.0126 -0.0197
vn 0.9998 0.0206 0.0022
vn 0.9950 0.0910 -0.0422
vn 0.9993 0.0230 0.0307
vn 0.9993 0.0232 0.0303
vn 0.9993 0.0239 0.0285
vn 0.9949 -0.0813 -0.0602
vn 0.6564 0.7141 0.2433
vn 0.9998 -0.0032 0.0173
vn 0.9997 -0.0201 0.0152
vn 0.9991 -0.0214 -0.0369
vn 0.9992 0.0226 0.0316
vn 0.9799 -0.1931 -0.0501
vn 1.0000 -0.0003 0.0006
vn 0.9285 -0.2117 0.3052
vn 0.9739 0.2027 0.1021
vn 0.9998 -0.0191 -0.0089
vn 0.7198 -0.6750 -0.1622
vn 0.9993 0.0366 0.0095
vn 0.9997 -0.0119 0.0208
vn 0.9995 -0.0298 0.0045
vn -0.9090 0.2980 -0.2913
vn -0.7240 0.0176 -0.6896
vn 0.7357 0.2042 0.6458
vn 0.7358 0.2041 0.6458
vn 0.7358 0.2041 0.6457
vn -0.4821 -0.8761 0.0050
vn -0.9255 0.3061 -0.2228
vn -0.9256 0.3061 -0.2227
vn -0.9356 0.0973 0.3393
vn -0.9473 -0.0605 -0.3145
vn -0.9473 -0.0605 -0.3146
vn -0.3655 -0.3869 0.8466
vn -0.3656 -0.3868 0.8466
vn 0.0620 0.3312 0.9415
vn 0.0621 0.3314 0.9415
vn 0.0621 0.3313 0.9415
vn -0.3205 -0.0881 -0.9431
vn -0.3204 -0.0878 -0.9432
vn -0.3204 -0.0880 -0.9432
vn 0.6746 0.4413 0.5918
vn -0.9209 0.2027 -0.3330
vn -0.9209 0.2027 -0.3331
vn -0.9209 0.2027 -0.3328
vn 0.2751 -0.9606 0.0394
vn -0.3654 0.2323 0.9014
vn -0.3656 0.2330 0.9011
vn -0.3656 0.2326 0.9012
vn 0.1215 -0.9722 -0.2003
vn 0.1217 -0.9721 -0.2003
vn 0.1218 -0.9721 -0.2004
vn -0.0970 -0.5872 -0.8036
vn -0.0966 -0.5869 -0.8039
vn -0.0967 -0.5871 -0.8037
vn 0.6671 0.6339 -0.3913
vn -0.8717 0.2651 0.4120
vn -0.8717 0.2659 0.4117
vn -0.8717 0.2653 0.4120
vn 0.6089 0.6093 0.5080
vn 0.6089 0.6092 0.5080
vn 0.6089 0.6093 0.5079
vn -0.9686 0.1502 -0.1983
vn -0.9685 0.1504 -0.1984
vn -0.9685 0.1504 -0.1985
vn 0.1944 -0.9625 0.1890
vn 0.1946 -0.9625 0.1890
vn 0.1948 -0.9624 0.1891
vn -0.6212 0.1033 -0.7768
vn -0.6212 0.1034 -0.7768
vn 0.8073 0.5374 0.2439
vn 0.8073 0.5374 0.2438
vn -0.8927 0.4484 -0.0444
vn -0.8927 0.4485 -0.0444
vn 0.1311 -0.9684 -0.2122
vn 0.8967 0.4300 0.1048
vn 0.8969 0.4297 0.1048
vn -0.2107 0.7693 0.6032
vn 0.9915 0.1126 -0.0652
vn 0.9865 0.1273 -0.1030
vn 0.9365 -0.0153 -0.3503
vn 0.9365 -0.0154 -0.3503
vn 0.9365 -0.0151 -0.3503
vn 0.3166 -0.7423 0.5906
vn 0.3165 -0.7423 0.5906
vn 0.4863 -0.3796 -0.7870
vn -0.1979 -0.9709 0.1348
vn -0.1971 -0.9711 0.1349
vn -0.1978 -0.9709 0.1349
vn -0.0625 -0.9289 -0.3649
vn -0.0626 -0.9289 -0.3649
vn -0.0623 -0.9289 -0.3649
vn -0.1758 0.7924 -0.5841
vn 0.1814 0.9620 -0.2041
vn 0.1809 0.9621 -0.2039
vn 0.1810 0.9621 -0.2039
vn -0.9901 -0.0581 -0.1278
vn -0.5540 0.6248 0.5503
vn -0.1506 -0.7689 0.6214
vn 0.3093 0.0168 -0.9508
vn 0.3094 0.0169 -0.9508
vn 0.3094 0.0170 -0.9508
vn 0.7395 -0.0987 -0.6659
vn 0.7395 -0.0986 -0.6659
vn 0.6229 0.4702 -0.6252
vn 0.6229 0.4702 -0.6253
vn -0.6345 0.5793 0.5117
vn -0.6345 0.5792 0.5117
vn -0.6344 0.5794 0.5117
vn 0.6906 -0.7225 -0.0315
vn 0.6906 -0.7226 -0.0315
vn -0.8843 -0.2531 -0.3923
vn -0.8840 -0.2534 -0.3929
vn -0.8841 -0.2533 -0.3926
vn 0.8235 0.4973 -0.2730
vn -0.2417 0.9681 0.0665
vn -0.5435 0.7857 -0.2954
vn -0.5434 0.7858 -0.2953
vn -0.5434 0.7858 -0.2954
vn -0.8387 -0.5154 0.1758
vn -0.8388 -0.5153 0.1758
vn -0.8388 -0.5152 0.1759
vn -0.7077 -0.5336 0.4630
vn -0.7076 -0.5340 0.4628
vn -0.7079 -0.5332 0.4631
vn -0.0938 -0.8026 -0.5890
vn -0.0939 -0.8027 -0.5890
vn -0.0937 -0.8025 -0.5892
vn -0.1378 -0.6046 0.7845
vn 0.2698 0.8204 0.5041
vn 0.2699 0.8207 0.5036
vn 0.2698 0.8209 0.5034
vn 0.7357 -0.4912 0.4664
vn 0.7356 -0.4915 0.4661
vn 0.7357 -0.4914 0.4662
vn 0.5795 0.1460 0.8018
vn 0.4930 -0.8697 0.0220
vn 0.9119 -0.1581 -0.3788
vn 0.9119 -0.1582 -0.3787
vn 0.2586 -0.8984 -0.3550
vn 0.5140 -0.8380 -0.1832
vn -0.9994 -0.0016 -0.0349
vn -0.9266 -0.0545 -0.3722
vn 0.2047 0.9682 -0.1438
vn 0.4171 0.8107 0.4108
vn 0.4167 0.8108 0.4110
vn 0.4169 0.8107 0.4110
vn 0.5304 0.7764 -0.3405
vn 0.5301 0.7766 -0.3405
vn 0.5303 0.7764 -0.3404
vn 0.4229 0.7406 -0.5221
vn -0.1165 -0.9134 -0.3900
vn -0.1169 -0.9158 -0.3843
vn -0.1209 -0.9126 -0.3906
vn 0.7418 0.1018 -0.6629
vn 0.7418 0.1019 -0.6628
vn 0.7419 0.1020 -0.6628
vn -0.4806 0.5194 -0.7066
vn -0.3792 -0.4891 0.7855
vn 0.8738 -0.2893 -0.3909
vn 0.8738 -0.2894 -0.3909
vn 0.8737 -0.2895 -0.3909
vn -0.6617 0.4451 -0.6034
vn -0.6617 0.4447 -0.6036
vn -0.6617 0.4450 -0.6035
vn 0.7546 0.1262 0.6439
vn 0.7547 0.1261 0.6438
vn -0.1055 0.1086 0.9885
vn -0.1053 0.1088 0.9885
vn -0.1056 0.1085 0.9885
vn -0.0153 -0.6512 -0.7587
vn -0.0154 -0.6513 -0.7587
vn -0.0156 -0.6514 -0.7586
vn 0.1132 0.8793 -0.4627
vn -0.7437 -0.3442 -0.5731
vn -0.7439 -0.3442 -0.5729
vn -0.7439 -0.3441 -0.5729
vn 0.6028 -0.4562 0.6546
vn 0.6027 -0.4563 0.6546
vn -0.4303 -0.7498 0.5026
vn -0.4307 -0.7496 0.5026
vn -0.4305 -0.7497 0.5026
vn 0.1628 0.8592 0.4850
vn 0.2474 -0.9487 -0.1969
vn 0.2477 -0.9486 -0.1968
vn -0.7538 0.3611 0.5490
vn -0.7538 0.3611 0.5491
vn -0.7538 0.3610 0.5490
vn 0.9249 -0.0621 0.3752
vn 0.9251 -0.0625 0.3746
vn 0.9250 -0.0624 0.3748
vn 0.6698 -0.7418 0.0327
vn 0.9235 0.1150 0.3660
vn 0.4195 -0.8404 -0.3433
vn 0.4199 -0.8401 -0.3434
vn 0.4198 -0.8402 -0.3433
vn 0.5753 -0.7301 -0.3687
vn 0.5752 -0.7303 -0.3686
vn -0.1196 -0.8990 0.4212
vn -0.1190 -0.8997 0.4200
vn -0.1191 -0.8993 0.4208
vn -0.9490 -0.2288 -0.2167
vn -0.9931 -0.0966 0.0668
vn -0.9959 -0.0867 -0.0274
vn -0.9959 -0.0866 -0.0274
vn -0.9959 -0.0864 -0.0273
vn -0.8939 -0.2170 -0.3922
vn -0.8939 -0.2171 -0.3922
vn -0.1220 0.7800 0.6138
vn -0.1219 0.7799 0.6139
vn 0.3738 0.8964 -0.2384
vn 0.3663 0.8941 -0.2575
vn 0.3662 0.8942 -0.2575
vn 0.3965 -0.9174 -0.0357
vn 0.3968 -0.9172 -0.0356
vn 0.3966 -0.9173 -0.0356
vn -0.9728 -0.0355 -0.2290
vn -0.2164 -0.0151 -0.9762
vn -0.9068 -0.2921 -0.3039
vn -0.9069 -0.2920 -0.3037
vn -0.9068 -0.2921 -0.3038
vn -0.2167 0.3521 -0.9105
vn -0.4928 -0.1727 0.8528
vn -0.4928 -0.1724 0.8529
vn -0.4926 -0.1733 0.8528
vn 0.5479 -0.6231 -0.5581
vn 0.5477 -0.6235 -0.5579
vn 0.5476 -0.6240 -0.5575
vn 0.6669 0.7451 -0.0073
vn 0.6670 0.7451 -0.0072
vn 0.0761 0.0526 0.9957
vn 0.0762 0.0526 0.9957
vn 0.7939 -0.6079 -0.0106
vn 0.7938 -0.6081 -0.0108
vn 0.7937 -0.6082 -0.0109
vn 0.2029 0.9456 0.2543
vn 0.2030 0.9456 0.2542
vn 0.2031 0.9456 0.2541
vn -0.8813 -0.3026 -0.3629
vn -0.8813 -0.3026 -0.3631
vn -0.8810 -0.3028 -0.3635
vn 0.6709 -0.6652 -0.3278
vn 0.6709 -0.6652 -0.3277
vn 0.6101 -0.7909 0.0475
vn 0.6099 -0.7911 0.0465
vn 0.6100 -0.7910 0.0468
vn 0.2377 0.8967 0.3735
vn 0.2376 0.8967 0.3735
vn 0.2378 0.8966 0.3735
vn -0.8241 -0.0455 0.5647
vn -0.8240 -0.0455 0.5647
vn -0.8241 -0.0456 0.5646
vn 0.1442 -0.1493 0.9782
vn 0.1445 -0.1497 0.9781
vn 0.1443 -0.1494 0.9782
vn 0.4219 0.8595 -0.2887
vn 0.4219 0.8595 -0.2886
vn 0.4219 0.8594 -0.2888
vn -0.9507 0.1518 0.2704
vn -0.9507 0.1518 0.2705
vn 0.6419 -0.6906 0.3334
vn -0.3995 0.9137 0.0751
vn 0.9496 0.3052 -0.0715
vn 0.9903 0.1219 0.0661
vn 0.2968 -0.9289 -0.2214
vn 0.2970 -0.9288 -0.2214
vn 0.2969 -0.9289 -0.2214
vn -0.5834 -0.5233 -0.6211
vn -0.5832 -0.5236 -0.6210
vn -0.5834 -0.5234 -0.6210
vn -0.2907 -0.8218 0.4900
vn -0.2901 -0.8228 0.4886
vn -0.2901 -0.8223 0.4895
vn -0.9141 -0.3338 0.2302
vn -0.1827 0.9612 -0.2065
vn -0.3689 -0.1968 0.9084
vn -0.3690 -0.1967 0.9084
vn 0.5436 0.7995 -0.2555
vn 0.6439 -0.6806 -0.3494
vn 0.3339 -0.9147 0.2279
vn 0.3340 -0.9146 0.2281
vn 0.3334 -0.9149 0.2274
vn 0.5109 0.8302 -0.2231
vn 0.5107 0.8303 -0.2230
vn 0.5113 0.8299 -0.2231
vn 0.7685 0.6309 0.1068
vn 0.7685 0.6309 0.1069
vn 0.3510 -0.9283 -0.1229
vn 0.7801 0.6202 -0.0822
vn 0.6632 0.7432 0.0884
vn 0.6633 0.7431 0.0883
vn 0.5765 -0.8011 0.1608
vn 0.5770 -0.8008 0.1606
vn 0.5769 -0.8009 0.1607
vn -0.9617 0.2605 -0.0849
vn -0.9618 0.2604 -0.0848
vn -0.9616 0.2609 -0.0850
vn -0.9631 0.2517 -0.0953
vn 0.2267 -0.9707 0.0796
vn 0.2270 -0.9707 0.0794
vn 0.2271 -0.9706 0.0792
vn -0.9598 -0.1931 0.2035
vn 0.5365 0.8192 -0.2027
vn 0.5364 0.8193 -0.2028
vn -0.9471 -0.2322 -0.2217
vn -0.9471 -0.2322 -0.2216
vn -0.9740 0.0656 -0.2170
vn -0.9815 0.1832 0.0549
vn -0.9815 0.1832 0.0548
vn 0.0502 0.9852 -0.1641
vn -0.8188 -0.1946 0.5401
vn -0.8274 -0.1848 0.5304
vn 0.4198 -0.6932 0.5858
vn 0.4199 -0.6932 0.5858
vn 0.2254 0.5884 -0.7765
vn 0.2253 0.5884 -0.7765
vn -0.9122 -0.4030 0.0735
vn -0.9123 -0.4029 0.0736
vn 0.0034 -0.2257 -0.9742
vn -0.9771 0.2127 0.0049
vn -0.9771 0.2127 0.0043
vn -0.9771 0.2128 0.0046
vn -0.8291 -0.1654 0.5340
vn -0.8291 -0.1654 0.5341
vn 0.6101 -0.2372 0.7560
vn 0.6104 -0.2374 0.7557
vn 0.4836 0.1373 -0.8644
vn 0.4839 0.1372 -0.8643
vn 0.8816 0.1756 0.4381
vn 0.8816 0.1756 0.4380
vn 0.8816 0.1757 0.4381
vn -0.0480 0.0358 -0.9982
vn -0.0471 0.0350 -0.9983
vn -0.0464 0.0359 -0.9983
vn 0.7684 -0.3784 -0.5162
vn 0.7685 -0.3773 -0.5167
vn 0.7686 -0.3774 -0.5166
vn 0.8980 0.1129 0.4253
vn -0.2691 -0.5796 -0.7692
vn -0.2689 -0.5797 -0.7692
vn -0.2694 -0.5794 -0.7692
vn -0.2000 0.4990 0.8432
vn -0.1992 0.4993 0.8432
vn -0.2007 0.4991 0.8430
vn 0.5660 0.0566 0.8224
vn 0.5094 -0.0299 -0.8600
vn 0.5093 -0.0299 -0.8601
vn 0.5092 -0.0299 -0.8601
vn -0.8630 0.5044 -0.0300
vn -0.1574 -0.6541 -0.7398
vn 0.5542 -0.7352 0.3904
vn 0.9716 -0.0467 -0.2321
vn 0.7526 0.5933 -0.2858
vn 0.7526 0.5932 -0.2858
vn 0.7525 0.5934 -0.2858
vn 0.9515 0.1156 -0.2850
vn 0.1202 -0.8145 0.5676
vn 0.1204 -0.8145 0.5675
vn 0.1203 -0.8145 0.5676
vn 0.2375 0.9282 0.2864
vn 0.2373 0.9283 0.2863
vn 0.5243 -0.7538 -0.3961
vn 0.5244 -0.7537 -0.3961
vn -0.2197 0.8670 -0.4473
vn -0.2196 0.8670 -0.4473
vn -0.8395 0.5169 0.1673
vn -0.7868 -0.5444 0.2907
vn -0.7868 -0.5445 0.2906
vn -0.7869 -0.5444 0.2907
vn -0.8584 0.4666 -0.2134
vn -0.8585 0.4665 -0.2132
vn -0.8584 0.4665 -0.2133
vn -0.5387 0.7504 0.3829
vn -0.5386 0.7506 0.3827
vn -0.5387 0.7505 0.3828
vn -0.5280 0.7533 0.3920
vn -0.7620 -0.6149 -0.2032
vn 0.9114 -0.1344 0.3890
vn 0.9114 -0.1346 0.3889
vn -0.1500 -0.9883 -0.0287
vn -0.1499 -0.9883 -0.0288
vn -0.8046 0.5932 0.0248
vn -0.8046 0.5933 0.0248
vn -0.8048 0.5930 0.0248
vn 0.9609 0.2342 0.1480
vn 0.9609 0.2339 0.1479
vn 0.9608 0.2343 0.1480
vn -0.0111 -0.9867 -0.1620
vn -0.0109 -0.9867 -0.1620
vn -0.0111 -0.9867 -0.1619
vn 0.1605 -0.9093 -0.3838
vn 0.1605 -0.9094 -0.3837
vn 0.1605 -0.9094 -0.3838
vn -0.2008 0.0593 -0.9778
vn -0.2009 0.0594 -0.9778
vn -0.9092 0.2778 0.3101
vn -0.9093 0.2776 0.3101
vn -0.9092 0.2777 0.3102
vn -0.1375 0.2042 -0.9692
vn 0.9695 0.2197 0.1085
vn 0.9695 0.2198 0.1084
vn -0.4190 -0.2013 -0.8854
vn -0.4191 -0.2014 -0.8853
vn -0.4193 -0.2014 -0.8852
vn -0.2017 0.1916 -0.9605
vn -0.2021 0.1914 -0.9605
vn -0.2026 0.1913 -0.9604
vn 0.8886 -0.2553 0.3810
vn -0.7541 0.2245 0.6172
vn -0.5519 -0.1927 0.8113
vn -0.5519 -0.1928 0.8113
vn 0.9955 0.0878 0.0360
vn 0.9955 0.0878 0.0362
vn 0.9955 0.0878 0.0361
vn -0.5336 -0.0843 0.8415
vn -0.6111 0.0981 0.7855
vn -0.6111 0.0980 0.7855
vn -0.6111 0.0982 0.7855
vn 0.8292 0.3563 0.4307
vn 0.8291 0.3563 0.4308
vn -0.8032 -0.3625 0.4728
vn -0.8031 -0.3625 0.4728
vn -0.8032 -0.3625 0.4727
vn 0.8203 -0.0869 0.5653
vn 0.8203 -0.0868 0.5653
vn 0.8202 -0.0869 0.5654
vn -0.8948 0.2115 0.3931
vn -0.8946 0.2118 0.3934
vn -0.8944 0.2122 0.3937
vn -0.2209 0.0903 -0.9711
vn -0.2208 0.0904 -0.9711
vn -0.2210 0.0903 -0.9711
vn 0.8387 -0.2768 0.4690
vn 0.8164 0.5772 0.0172
vn 0.8164 0.5773 0.0173
vn -0.4650 -0.0377 -0.8845
vn 0.9811 -0.1645 0.1019
vn 0.9811 -0.1645 0.1018
vn 0.9811 -0.1644 0.1016
vn -0.2011 0.3466 -0.9162
vn 0.9079 -0.3163 0.2751
vn 0.7236 0.6901 0.0092
vn 0.7235 0.6902 0.0093
vn 0.7235 0.6903 0.0093
vn 0.3603 -0.9058 -0.2228
vn 0.3604 -0.9058 -0.2227
vn 0.0215 0.4227 0.9060
vn 0.0215 0.4228 0.9060
vn 0.0215 0.4226 0.9061
vn -0.2780 -0.0079 0.9605
vn -0.0105 0.8578 -0.5139
vn -0.0104 0.8578 -0.5139
vn -0.0149 -0.9037 -0.4280
vn 0.2329 0.3275 0.9157
vn 0.2330 0.3277 0.9156
vn -0.2538 0.7891 -0.5594
vn -0.2536 0.7891 -0.5595
vn -0.2535 0.7891 -0.5595
vn -0.7447 0.0849 0.6620
vn -0.7448 0.0849 0.6619
vn -0.7445 0.0849 0.6622
vn 0.4490 0.6631 -0.5990
vn 0.4489 0.6631 -0.5990
vn 0.4493 0.6628 -0.5990
vn -0.7396 -0.6641 -0.1094
vn -0.0278 -0.9483 -0.3163
vn 0.0443 0.4306 0.9015
vn 0.0443 0.4306 0.9014
vn -0.1058 0.4500 -0.8868
vn -0.1059 0.4500 -0.8867
vn -0.1057 0.4500 -0.8868
vn -0.1838 0.7745 -0.6052
vn -0.1839 0.7745 -0.6052
vn -0.1838 0.7746 -0.6052
vn 0.2247 -0.9520 -0.2079
vn 0.2246 -0.9520 -0.2078
vn 0.2247 -0.9519 -0.2082
vn -0.4928 -0.6644 -0.5619
vn 0.9093 -0.2181 0.3543
vn 0.5733 0.6806 -0.4561
vn 0.5734 0.6802 -0.4566
vn 0.5732 0.6808 -0.4560
vn -0.5672 -0.8174 -0.1005
vn -0.5673 -0.8174 -0.1007
vn 0.4580 0.4870 0.7437
vn -0.4261 -0.8729 0.2375
vn -0.4261 -0.8730 0.2375
vn 0.4992 -0.7376 -0.4547
vn -0.3989 0.2449 0.8837
vn -0.3991 0.2447 0.8836
vn -0.3989 0.2451 0.8837
vn 0.7145 0.6996 0.0117
vn 0.7156 0.6984 0.0128
vn 0.7158 0.6982 0.0115
vn -0.9377 0.2812 -0.2041
vn -0.9377 0.2813 -0.2040
vn -0.0354 -0.7783 -0.6269
vn -0.0355 -0.7783 -0.6269
vn 0.2251 0.9073 -0.3552
vn 0.1263 0.9560 -0.2648
vn 0.8586 0.1777 0.4809
vn 0.8585 0.1777 0.4810
vn 0.8582 0.1774 0.4816
vn -0.0192 0.9868 -0.1610
vn -0.0178 0.9869 -0.1606
vn -0.0183 0.9868 -0.1608
vn 0.4895 -0.7441 -0.4546
vn 0.4892 -0.7441 -0.4550
vn 0.4890 -0.7439 -0.4554
vn -0.2427 -0.2997 0.9227
vn -0.2428 -0.2999 0.9225
vn -0.2428 -0.3000 0.9225
vn 0.4932 0.7426 -0.4531
vn -0.5412 0.7546 -0.3711
vn -0.0997 -0.1335 0.9860
vn -0.1000 -0.1337 0.9860
vn 0.0801 0.8730 -0.4811
vn 0.0802 0.8729 -0.4812
vn 0.1168 -0.6571 -0.7447
vn -0.1982 -0.9321 -0.3031
vn -0.1982 -0.9322 -0.3028
vn -0.1983 -0.9321 -0.3032
vn 0.1480 -0.0290 0.9886
vn 0.5537 0.4467 0.7028
vn -0.4307 0.3764 0.8202
vn -0.4255 0.3754 0.8234
vn -0.4215 0.3764 0.8250
vn -0.3495 0.9251 -0.1486
vn 0.3266 -0.7824 -0.5303
vn 0.3265 -0.7824 -0.5302
vn 0.3264 -0.7825 -0.5302
vn -0.1481 -0.7149 -0.6834
vn -0.1481 -0.7150 -0.6833
vn -0.1481 -0.7152 -0.6830
vn 0.1114 0.6501 -0.7517
vn 0.1115 0.6500 -0.7517
vn 0.1115 0.6501 -0.7517
vn 0.1370 -0.2312 0.9632
vn 0.1372 -0.2311 0.9632
vn -0.0301 -0.9710 -0.2372
vn -0.2008 0.0678 0.9773
vn 0.1730 -0.3359 0.9259
vn -0.0899 -0.8076 -0.5828
vn -0.9740 0.1008 0.2026
usemtl Part__Feature007.002
s 1
f 1306//1 2882//2 1312//3
f 2413//4 2879//4 1309//4
f 1310//5 1609//5 1324//5
f 2412//6 6//6 1325//6
f 1328//7 1611//7 2106//7
f 2605//8 2415//8 1327//8
f 512//9 2606//9 1326//9
f 1323//10 2103//10 1015//10
f 516//11 9//11 1017//11
f 503//12 1012//12 1616//12
f 502//13 1612//13 1619//13
f 514//14 1014//14 1009//14
f 501//15 1623//15 496//15
f 498//16 1011//16 2//16
f 517//17 1013//17 500//17
f 511//18 497//18 923//18
f 926//19 499//19 1620//19
f 920//20 1//20 925//20
f 2083//21 2295//21 2268//21
f 2084//22 2555//23 2298//24
f 515//25 924//25 2553//25
f 2085//26 2554//26 2082//26
f 2088//27 19//27 2274//27
f 513//28 2557//28 2087//28
f 2433//29 2054//29 2835//29
f 2434//30 2300//30 2057//30
f 510//31 2086//31 2299//31
f 2432//32 2839//32 505//32
f 507//33 2301//33 21//33
f 509//34 2303//34 504//34
f 508//35 2837//35 2877//35
f 506//36 2883//36 2603//37
f 16//38 25//38 2607//38
f 2881//39 2838//39 2283//40
f 2769//41 532//41 2098//41
f 529//42 534//42 2096//42
f 1307//43 1625//43 1610//43
f 2813//44 2110//44 545//44
f 2686//45 2692//45 1314//45
f 1316//46 2694//46 1308//46
f 1311//47 2693//47 1626//47
f 8//48 1627//48 2107//48
f 2690//49 539//49 2697//49
f 1628//50 2108//50 2101//50
f 2695//51 2111//51 33//51
f 2104//52 35//52 2814//52
f 2696//53 1362//53 2109//53
f 37//54 536//54 1361//54
f 541//55 547//56 2816//57
f 2817//58 550//58 1621//58
f 1364//59 535//59 548//59
f 552//60 531//60 1622//60
f 1624//61 530//61 927//61
f 553//62 540//62 533//62
f 928//63 30//63 2771//63
f 2529//64 2815//65 2117//65
f 2102//66 34//67 2526//68
f 2114//69 2812//69 1614//69
f 2818//70 15//71 1618//72
f 2120//73 2528//73 1857//73
f 1615//74 2527//75 2118//75
f 1631//76 1016//77 2105//78
f 1632//79 11//79 2530//79
f 1613//80 1629//80 39//80
f 1010//81 1630//82 1617//83
f 2836//84 2053//85 2533//86
f 2055//87 2272//87 2534//87
f 2058//88 1375//88 2269//88
f 2267//89 2296//90 2277//91
f 642//92 1376//92 615//92
f 1378//93 2059//93 619//93
f 617//94 2056//94 946//94
f 2052//95 941//96 945//97
f 1381//98 2089//99 2273//100
f 1379//101 17//101 1374//101
f 1380//102 1377//102 943//102
f 2060//103 1382//103 45//103
f 2302//104 1383//104 23//104
f 2537//105 2689//105 2840//105
f 622//106 2688//106 2536//106
f 2281//107 2687//107 1313//107
f 22//108 36//108 2284//108
f 623//109 538//110 2691//111
f 2271//112 636//112 616//112
f 618//113 2535//114 2275//115
f 614//116 621//116 44//116
f 2282//117 1315//117 2946//117
f 2768//118 2099//118 2278//118
f 47//119 2097//119 2270//119
f 2100//120 638//120 2276//120
f 54//121 537//121 637//121
f 639//122 32//122 624//122
f 948//123 625//123 620//123
f 50//124 635//125 640//125
f 55//126 626//126 644//126
f 53//127 947//128 643//129
f 2119//130 551//131 542//132
f 1363//133 549//134 1856//135
f 1860//136 29//137 2122//138
f 543//139 2112//139 1858//139
f 2113//140 38//141 42//142
f 1859//143 2531//144 546//145
f 2532//146 2115//146 544//146
f 56//147 2116//147 2121//147
f 40//148 14//148 41//148
f 51//149 942//150 641//150
f 944//151 46//151 49//151
f 2770//152 1001//152 929//152
f 2279//153 2297//153 1000//153
f 2878//154 2414//155 2620//155
f 2604//156 2619//157 4//158
f 59//159 10//159 5//159
f 2880//160 2947//161 7//162
f 2556//163 1002//164 48//165
f 2552//166 1019//167 999//168
f 921//169 28//170 998//169
f 922//171 1003//172 1018//171
f 2884//173 26//173 27//173
f 31//174 2280//175 57//174
f 3//176 58//177 18//178
f 20//179 52//179 24//179
f 43//180 13//180 12//180
f 752//181 2078//182 1454//181
f 2080//183 1909//184 1455//184
f 2757//185 1905//185 2698//185
f 2751//186 2759//186 2749//186
f 66//187 2699//187 2750//188
f 679//189 1918//189 683//189
f 1922//190 740//190 684//190
f 2123//191 1077//191 2127//191
f 1079//192 2148//192 2128//192
f 1678//193 1441//193 2657//193
f 1669//194 1680//194 2660//194
f 2323//195 2659//196 690//197
f 2321//198 1668//199 77//200
f 1027//201 685//201 693//201
f 1029//202 1025//202 696//202
f 2854//203 1033//203 698//203
f 1408//204 694//205 1087//206
f 1411//207 2855//208 82//209
f 2662//210 1103//210 1666//210
f 1672//211 1667//211 1032//211
f 1675//212 2664//212 79//212
f 1673//213 84//213 2853//213
f 1676//214 2856//214 1688//214
f 1924//215 95//215 1684//215
f 1925//216 1685//216 2336//216
f 1926//217 2337//218 1039//219
f 2131//220 1927//220 1041//220
f 2129//221 1036//222 1042//223
f 2132//224 2130//224 1045//224
f 2133//225 1046//225 714//225
f 2663//226 2134//226 715//226
f 2665//227 716//227 1107//227
f 100//228 97//229 99//230
f 100//228 1674//231 97//229
f 93//232 1674//231 100//228
f 1670//233 2322//233 1031//233
f 1677//234 1671//234 1104//234
f 713//235 2723//235 1106//235
f 1944//236 712//236 1047//236
f 1950//237 1945//238 1044//237
f 1037//239 1054//239 1049//239
f 1661//240 1040//240 2339//240
f 1662//241 2144//242 1059//243
f 700//244 686//244 703//244
f 692//245 2658//245 704//245
f 705//246 2661//246 1445//246
f 1422//247 2137//247 1060//248
f 2145//249 1423//249 1066//250
f 1088//251 1413//252 1659//253
f 1424//254 1421//254 2146//254
f 695//255 1412//256 1092//257
f 2136//258 1946//259 1061//260
f 2135//261 1425//261 1948//262
f 92//263 1430//263 91//263
f 697//264 1052//264 1415//264
f 1051//265 701//265 2447//265
f 1050//266 699//267 687//268
f 89//269 706//269 2449//269
f 85//270 1410//270 1686//270
f 2338//271 1090//271 1664//271
f 1038//272 1663//273 1058//274
f 1056//275 98//275 1063//275
f 103//276 1953//276 1065//276
f 711//277 1947//277 717//277
f 2724//278 719//278 1443//278
f 2726//279 101//280 720//281
f 2147//282 2124//282 74//282
f 2125//283 2150//283 2151//283
f 1076//284 2126//284 1081//284
f 2149//285 1080//286 1900//287
f 2152//288 76//289 1899//290
f 2153//291 1085//292 73//293
f 1898//294 2340//294 1683//294
f 1901//295 1091//295 112//295
f 1902//296 1078//297 1089//298
f 114//299 1687//299 2154//299
f 1083//300 115//301 1682//302
f 1084//303 96//303 1409//303
f 1082//304 87//304 1086//304
f 116//305 86//306 75//307
f 737//308 680//308 70//308
f 681//309 739//309 741//309
f 1923//310 682//311 2948//312
f 738//313 1920//314 2514//315
f 744//316 72//317 2516//318
f 745//319 2951//320 69//321
f 2515//322 1952//322 1048//322
f 117//323 1919//324 1951//325
f 1921//326 1062//327 109//328
f 2517//329 1043//329 742//329
f 2949//330 743//331 1055//332
f 2950//333 110//333 1064//333
f 119//334 113//335 71//336
f 1057//337 118//338 120//339
f 2700//340 2752//340 68//340
f 2760//341 2753//342 1450//343
f 1906//344 2758//344 1100//344
f 2701//345 1903//346 1449//347
f 64//348 122//349 67//350
f 1679//351 2756//352 1446//353
f 1099//354 1681//354 1102//354
f 121//355 2761//355 78//355
f 1101//356 1105//356 1904//356
f 1451//357 65//358 1108//359
f 1452//360 94//360 2725//360
f 1448//361 108//361 1440//361
f 1453//362 123//363 2762//364
f 1912//365 754//365 63//365
f 1908//366 755//367 751//368
f 2079//369 753//370 2519//371
f 62//372 756//372 2518//372
f 1910//373 2081//374 2319//375
f 757//376 1911//377 1468//378
f 2520//379 2318//380 61//381
f 2317//382 125//382 758//382
f 1028//383 1907//384 688//385
f 1467//386 1026//386 1030//386
f 126//387 60//388 83//389
f 1469//390 1034//390 759//390
f 2315//391 760//391 2320//391
f 2316//392 2324//392 689//392
f 127//393 80//394 1913//395
f 81//396 124//396 1035//396
f 1660//397 2446//397 1427//397
f 111//398 106//398 107//398
f 1414//399 2445//399 1665//399
f 1426//400 718//400 1949//400
f 88//401 90//401 2450//401
f 2448//402 105//402 1444//402
f 104//403 1442//403 1428//403
f 1429//404 1447//404 102//404
f 691//405 702//405 1053//405
f 1109//406 1115//406 2716//406
f 2919//407 1189//407 2923//407
f 2463//408 2577//408 2801//408
f 2710//409 1470//409 1123//409
f 1693//410 1703//410 1698//410
f 2039//411 2932//412 2623//413
f 2028//414 2711//414 1124//414
f 1112//415 1699//415 1117//415
f 2920//416 2927//417 2259//418
f 2928//419 1801//419 1723//419
f 2462//420 2804//420 2182//420
f 2177//421 2461//421 2183//421
f 1129//422 1477//422 2029//422
f 1130//423 2006//423 1479//423
f 2169//424 2363//424 1168//424
f 1480//425 1701//425 1113//425
f 2893//426 2184//426 2803//426
f 1128//427 2031//427 1122//427
f 1478//428 1694//428 1702//428
f 1483//429 1111//429 2027//429
f 1133//430 1140//430 1145//430
f 2847//431 1696//431 1481//431
f 2901//432 1557//432 2248//432
f 1803//433 1559//433 2904//433
f 1119//434 2902//435 2931//436
f 1118//437 1802//438 2905//439
f 2845//440 2802//441 1697//442
f 1474//443 2934//444 2038//445
f 2167//446 2898//446 2175//446
f 2365//447 2181//447 2892//447
f 2168//448 144//448 2180//448
f 2848//449 2896//449 136//449
f 1116//450 1722//450 1806//450
f 156//451 153//452 149//453
f 1475//454 1120//455 2935//456
f 1849//457 2894//457 2844//457
f 1183//458 2849//458 1482//458
f 1181//459 157//459 2008//459
f 2191//460 2895//461 1848//460
f 1321//462 1851//462 2846//462
f 1164//463 1158//463 2170//463
f 1319//464 161//464 1180//464
f 2193//465 2366//465 158//465
f 1700//466 1726//467 1121//468
f 1147//469 1169//469 2364//469
f 1185//470 1318//470 1179//470
f 1706//471 2576//471 1725//471
f 141//472 1709//472 1728//472
f 1187//473 2190//473 1320//473
f 1136//474 2367//474 2192//474
f 1139//475 1148//475 2368//475
f 2806//476 2580//477 1707//478
f 2714//479 146//479 1473//479
f 1127//480 1471//480 2472//480
f 1138//481 2196//481 1190//481
f 2922//482 1137//482 1191//482
f 2850//483 1126//483 2474//483
f 2708//484 2713//485 138//486
f 1199//487 1165//487 1146//487
f 1167//488 2824//488 1771//488
f 2827//489 2371//489 1776//489
f 2369//490 1893//490 1773//490
f 1331//491 1704//492 1695//493
f 2457//494 1741//494 1705//494
f 169//495 1743//495 2807//495
f 2805//496 1738//497 1330//498
f 1186//499 1202//499 2925//499
f 2204//500 1203//501 1188//502
f 2209//503 129//503 1184//503
f 1994//504 2207//504 1182//504
f 1993//505 164//506 2009//507
f 2210//508 1992//509 2007//510
f 2216//511 152//511 1131//511
f 2406//512 1132//512 1125//512
f 2407//513 2213//513 151//513
f 2409//514 139//514 2851//514
f 2469//515 2410//515 2852//515
f 2466//516 131//517 2471//518
f 2477//519 2473//520 805//521
f 2476//522 2467//523 132//524
f 2417//525 2478//526 807//527
f 1967//528 2419//529 808//530
f 1970//531 1964//531 1230//531
f 2798//532 1231//533 887//534
f 2797//535 1974//535 189//535
f 823//536 2799//537 884//538
f 2582//539 1210//540 2436//541
f 2439//542 1212//543 559//544
f 2341//545 2348//545 2370//545
f 1983//546 1975//546 2590//546
f 2353//547 1897//548 2376//549
f 1514//550 1217//551 1224//552
f 1514//550 1224//552 2355//553
f 2825//554 2356//555 2374//556
f 2350//557 526//558 1894//559
f 2346//560 898//560 2349//560
f 1757//561 1984//562 2187//563
f 1747//564 2583//565 1976//566
f 1745//567 1750//568 2585//569
f 524//570 1513//570 2826//571
f 2345//572 1751//572 894//572
f 172//573 210//574 222//575
f 2592//576 558//577 1765//578
f 1987//579 2594//580 2654//581
f 1753//582 1746//583 1756//584
f 523//585 778//585 907//585
f 1215//586 1209//586 1222//586
f 780//587 2637//588 909//589
f 560//590 1214//591 1219//592
f 1754//593 1759//594 897//595
f 2638//596 779//596 1989//596
f 782//597 2651//598 1990//599
f 2524//600 2188//601 2521//602
f 2186//603 895//604 2523//605
f 2601//606 2437//606 2874//606
f 2438//607 1979//607 2875//607
f 1220//608 1764//608 1768//609
f 1225//610 2172//611 2357//612
f 2899//613 2174//613 1226//613
f 1529//614 1823//614 826//614
f 1530//615 825//615 2155//615
f 1531//616 1526//617 2160//618
f 1533//619 2158//619 2343//619
f 1160//620 1534//621 2344//620
f 2206//622 1223//622 1204//622
f 2897//623 212//623 2205//623
f 2178//624 154//625 2208//626
f 2176//627 179//627 1995//627
f 2464//628 2179//629 1996//630
f 1997//631 2465//631 1991//631
f 1785//632 2868//632 2224//632
f 867//633 1577//633 2358//633
f 1472//634 2040//634 806//634
f 2571//635 2559//636 1824//637
f 2475//638 1476//639 185//638
f 2558//640 2570//640 2563//640
f 885//641 796//641 1777//641
f 2865//642 2241//642 2621//642
f 1779//643 2872//644 1787//645
f 1772//646 1142//646 2235//646
f 2034//647 2564//647 2569//647
f 891//648 1783//648 868//648
f 2866//649 1553//649 2567//649
f 1778//650 2627//650 2870//650
f 2036//651 2575//651 2956//651
f 1780//652 2954//652 2628//652
f 883//653 1782//653 890//653
f 191//654 240//655 1788//656
f 2243//657 2566//658 2035//659
f 797//660 2957//660 1781//660
f 1770//661 1159//661 1170//661
f 2863//662 1555//662 1551//662
f 795//663 2032//664 2958//665
f 1794//666 1532//666 1161//666
f 1796//667 1163//668 1774//669
f 1228//670 793//670 888//670
f 2237//671 1797//672 167//673
f 241//674 2867//675 237//676
f 799//677 2240//677 2033//677
f 798//678 245//678 792//678
f 1527//679 225//679 1795//679
f 2869//680 1798//680 2238//680
f 2249//681 1562//681 2864//681
f 811//682 801//682 794//682
f 812//683 247//683 1229//683
f 1574//684 1143//685 1134//686
f 1576//687 2236//688 159//689
f 879//690 2242//690 802//690
f 2622//691 2247//692 238//693
f 1815//694 1528//694 1799//694
f 1966//695 814//695 1232//695
f 2359//696 229//696 1135//696
f 2037//697 2244//698 878//699
f 1819//700 1826//700 223//700
f 2871//701 2626//701 1816//701
f 2873//702 1821//703 248//704
f 2041//705 880//705 815//705
f 2360//706 133//706 2921//706
f 804//707 2042//707 810//707
f 253//708 2625//709 2245//710
f 809//711 817//712 1969//711
f 2362//713 128//713 2261//713
f 2225//714 2239//714 1578//714
f 224//715 1817//715 2572//715
f 231//716 235//716 243//716
f 2252//717 1808//717 2246//717
f 2251//718 1809//718 2900//718
f 2903//719 1811//720 2936//721
f 1235//722 1818//723 2629//724
f 819//725 2497//725 1814//725
f 252//726 2500//726 2574//726
f 2573//727 2502//728 1234//729
f 2157//730 886//731 892//732
f 2161//733 192//733 889//733
f 2159//734 246//734 869//734
f 2262//735 2361//735 2257//735
f 2266//736 870//736 227//736
f 2265//737 2156//737 232//737
f 2342//738 193//738 2264//738
f 2211//739 1998//739 180//739
f 2498//740 2795//741 1238//742
f 2561//743 2796//743 2501//743
f 2562//744 2499//745 1825//746
f 2800//747 824//748 1233//749
f 1237//750 822//751 818//752
f 820//753 827//753 1822//753
f 259//754 258//755 1827//756
f 1739//757 1999//758 1335//757
f 2460//759 261//760 1740//761
f 130//762 1742//763 2579//764
f 2000//765 2214//766 1336//766
f 2456//767 2212//768 2578//769
f 1337//770 2217//771 2458//772
f 177//773 176//774 165//775
f 1556//776 2418//776 1968//776
f 1552//777 1965//777 1971//777
f 1554//778 1561//779 187//780
f 2565//781 239//781 1972//781
f 2560//782 1973//783 190//784
f 236//785 2568//786 188//787
f 1727//788 2581//789 2215//790
f 1724//791 181//792 2405//793
f 2930//794 148//794 2408//794
f 2929//795 182//795 2468//795
f 1804//796 147//797 2470//798
f 1805//799 183//799 2480//799
f 1245//800 866//800 1784//800
f 1290//801 1248//801 1786//801
f 1292//802 230//803 2226//803
f 1246//804 858//804 865//804
f 2483//805 1247//805 1289//805
f 2911//806 2484//806 2503//806
f 2910//807 2507//808 2705//809
f 2015//810 1294//810 1288//810
f 2018//811 1265//812 1298//813
f 2384//814 2703//814 2504//814
f 846//815 2704//815 2385//815
f 1581//816 843//816 2386//816
f 264//817 1291//817 2505//817
f 2491//818 1838//818 2020//818
f 2488//819 2482//819 1841//819
f 2221//820 1266//820 860//820
f 2219//821 859//821 1261//821
f 1839//822 2485//822 874//822
f 1262//823 2489//823 2022//823
f 1267//824 2019//824 862//824
f 2486//825 2909//826 875//827
f 1249//828 2490//828 861//828
f 864//829 2492//829 1263//829
f 876//830 844//831 1837//832
f 2024//833 1840//833 840//833
f 2487//834 275//834 263//834
f 842//835 836//836 276//837
f 847//838 1583//838 839//838
f 855//839 2632//839 2023//839
f 838//840 856//840 2025//840
f 837//841 2397//841 2377//841
f 1582//842 2396//842 282//842
f 2631//843 1599//844 1271//845
f 848//846 854//846 2379//846
f 2381//847 857//847 841//847
f 1273//848 2220//848 2634//848
f 284//849 2218//849 2021//849
f 2630//850 283//850 850//850
f 277//851 2222//851 278//851
f 1275//852 1264//852 1269//852
f 1274//853 1268//853 279//853
f 2633//854 851//854 2389//854
f 2635//855 2391//855 1596//855
f 1302//856 2382//856 2388//856
f 1598//857 2636//857 1594//857
f 1600//858 1597//858 1845//858
f 2393//859 2383//859 1303//859
f 2398//860 274//861 272//862
f 1295//863 1843//864 1595//865
f 852//866 1304//866 2392//866
f 1276//867 1844//867 1297//867
f 267//868 1278//868 1299//868
f 1579//869 871//869 863//869
f 2017//870 265//870 2223//870
f 2016//871 2227//872 1575//873
f 280//874 271//874 1580//874
f 845//875 872//875 877//875
f 2706//876 273//876 881//876
f 2702//877 882//878 800//878
f 251//879 873//880 813//881
f 2913//882 270//882 803//882
f 2912//883 249//883 816//883
f 281//884 269//885 250//884
f 849//886 2026//887 1114//888
f 1301//889 289//889 1110//889
f 1305//890 134//890 2715//890
f 853//891 2380//891 2030//891
f 2709//892 150//892 2378//892
f 2395//893 293//893 2712//893
f 2394//894 170//894 2707//894
f 285//895 287//895 137//895
f 1277//896 1272//896 2195//896
f 1846//897 290//897 2194//897
f 1842//898 168//898 1847//898
f 2197//899 1270//899 1317//899
f 1601//900 294//900 1850//900
f 1602//901 295//901 1322//901
f 286//902 288//902 166//902
f 175//903 140//903 2808//903
f 1141//904 1200//905 160//906
f 1201//907 1144//908 1775//909
f 2955//910 1236//910 234//910
f 244//911 233//912 257//913
f 2933//914 162//915 2937//916
f 2624//917 142//917 2941//917
f 2939//918 2250//918 143//918
f 1810//919 2479//920 2780//921
f 1800//922 2481//923 1807//923
f 145//924 1812//925 1560//926
f 2779//927 2416//928 2253//929
f 2254//930 2420//931 1558//932
f 184//933 186//934 296//935
f 1813//936 2256//937 242//938
f 256//939 2781//939 2938//939
f 2940//940 2255//941 163//942
f 2782//943 255//944 254//945
f 1744//946 1334//946 1329//946
f 1332//947 2455//948 1708//949
f 262//950 2459//951 1333//952
f 1239//953 821//954 1820//955
f 1767//956 561//956 1769//956
f 563//957 211//957 221//957
f 206//958 2587//958 2876//958
f 220//959 2586//959 2602//959
f 195//960 194//960 297//960
f 214//961 1760//962 2522//963
f 219//964 1758//964 2525//964
f 209//965 216//965 218//965
f 1227//966 1213//967 1205//968
f 1752//969 2263//969 2260//969
f 2584//970 203//971 2258//972
f 2588//973 228//974 2926//975
f 1211//976 2589//977 2924//978
f 197//979 135//979 178//979
f 1755//980 200//980 260//980
f 1162//981 2372//981 2171//981
f 2375//982 226//982 2347//982
f 2373//983 298//984 2173//985
f 173//986 2354//986 2961//986
f 1775//909 1895//987 1201//907
f 171//988 1892//988 1166//988
f 1896//989 2828//990 155//991
f 174//992 213//992 2829//992
f 2090//993 908//994 2639//994
f 2652//995 2093//995 2640//995
f 2656//996 198//996 217//996
f 518//997 1515//998 522//998
f 205//999 2593//999 2094//999
f 2095//1000 2595//1000 1766//1000
f 1216//1001 2091//1002 208//1001
f 521//1003 1218//1003 1516//1003
f 527//1004 906//1004 519//1004
f 2092//1005 520//1006 199//1007
f 299//1008 1221//1009 300//1010
f 900//1011 893//1011 2185//1011
f 902//1012 2189//1012 1985//1012
f 2352//1013 896//1013 2809//1013
f 904//1014 1988//1015 2653//1015
f 905//1016 2655//1016 783//1016
f 899//1017 903//1017 2810//1018
f 2811//1019 901//1019 1347//1020
f 1350//1021 301//1022 781//1023
f 1348//1024 215//1024 525//1024
f 1349//1025 528//1025 2351//1025
f 302//1026 303//1027 201//1028
f 2306//1029 1986//1029 1761//1029
f 2308//1030 2304//1031 1762//1032
f 1763//1033 1748//1034 2309//1035
f 2307//1036 304//1036 1749//1036
f 2305//1037 202//1037 1977//1037
f 305//1038 1981//1038 204//1038
f 2841//1039 554//1039 557//1039
f 2842//1040 196//1040 2591//1040
f 555//1041 2435//1041 562//1041
f 556//1042 2843//1043 1978//1043
f 307//1044 1980//1045 2440//1045
f 1982//1046 306//1046 207//1046
f 1296//1047 2390//1048 2387//1049
f 268//1050 292//1051 291//1052
f 1296//1047 2387//1049 2506//1053
f 1300//1054 266//1054 1293//1055
f 2045//1056 931//1056 566//1056
f 930//1057 936//1057 567//1057
f 2048//1058 1854//1058 932//1058
f 1852//1059 572//1059 938//1059
f 2046//1060 574//1060 1855//1060
f 2538//1061 601//1061 2047//1061
f 2051//1062 602//1062 575//1062
f 939//1063 571//1063 564//1063
f 1395//1064 568//1064 573//1064
f 1401//1065 1387//1065 569//1065
f 2539//1066 959//1066 606//1066
f 951//1067 2065//1067 611//1067
f 610//1068 2063//1068 1394//1068
f 612//1069 953//1069 949//1069
f 950//1070 954//1070 961//1070
f 607//1071 960//1071 613//1071
f 2061//1072 1386//1072 316//1072
f 955//1073 2608//1073 965//1073
f 2066//1074 2609//1074 1388//1074
f 962//1075 2612//1075 2064//1075
f 952//1076 595//1077 2067//1078
f 594//1079 2068//1079 2062//1079
f 1864//1080 1390//1080 1384//1080
f 1385//1081 576//1081 565//1081
f 1392//1082 579//1082 1389//1082
f 577//1083 656//1083 570//1083
f 311//1084 658//1084 2049//1084
f 657//1085 2544//1085 2050//1085
f 310//1086 2546//1086 2540//1086
f 1393//1087 313//1087 599//1087
f 2545//1088 972//1088 2541//1088
f 314//1089 970//1089 957//1089
f 967//1090 973//1090 958//1090
f 956//1091 2074//1091 2610//1091
f 974//1092 2073//1092 318//1092
f 2611//1093 1867//1093 317//1093
f 2075//1094 1865//1094 323//1094
f 2741//1095 983//1095 1876//1095
f 969//1096 2543//1096 981//1096
f 968//1097 978//1097 982//1097
f 2615//1098 630//1098 647//1098
f 971//1099 985//1099 2739//1099
f 2076//1100 2773//1100 2886//1100
f 2077//1101 975//1101 2772//1101
f 977//1102 331//1102 2742//1102
f 976//1103 2743//1103 629//1103
f 2775//1104 332//1104 632//1104
f 1866//1105 2885//1106 2614//1107
f 326//1108 333//1109 342//1110
f 1862//1111 2618//1111 646//1111
f 2617//1112 334//1112 335//1112
f 1007//1113 984//1113 997//1113
f 734//1114 2613//1115 347//1115
f 736//1116 2774//1116 2616//1116
f 735//1117 340//1117 733//1117
f 345//1118 348//1118 346//1118
f 2542//1119 660//1119 1005//1119
f 1861//1120 645//1120 650//1120
f 336//1121 1006//1121 1877//1121
f 578//1122 1639//1122 2411//1122
f 1638//1123 1863//1123 654//1123
f 580//1124 350//1124 666//1124
f 1004//1125 980//1125 330//1125
f 663//1126 1637//1126 651//1126
f 655//1127 662//1128 1869//1129
f 661//1130 581//1130 667//1130
f 659//1131 1870//1131 1875//1131
f 1008//1132 329//1133 337//1134
f 1391//1135 1868//1135 1640//1135
f 328//1136 327//1136 353//1136
f 668//1137 652//1137 1872//1137
f 1405//1138 665//1138 356//1138
f 1407//1139 1641//1139 664//1139
f 1406//1140 352//1140 1404//1140
f 354//1141 357//1141 355//1141
f 653//1142 1399//1142 1874//1142
f 649//1143 1400//1143 349//1143
f 1398//1144 937//1144 1871//1144
f 1402//1145 1853//1146 309//1147
f 940//1148 934//1148 1873//1148
f 1396//1149 592//1149 609//1149
f 648//1150 2069//1150 1397//1150
f 1403//1151 2072//1151 597//1151
f 933//1152 1879//1152 351//1152
f 1402//1145 600//1153 1853//1146
f 312//1154 608//1154 935//1154
f 341//1155 631//1155 2071//1155
f 591//1156 598//1156 319//1156
f 2070//1157 633//1157 964//1157
f 604//1158 1878//1158 308//1158
f 963//1159 627//1159 593//1159
f 596//1160 628//1160 605//1160
f 634//1161 2740//1161 603//1161
f 315//1162 338//1162 1880//1162
f 343//1163 996//1163 979//1163
f 344//1164 986//1164 339//1164
f 321//1165 325//1166 322//1167
f 966//1168 324//1168 320//1168
f 2745//1169 1651//1170 791//1170
f 2747//1171 789//1171 1023//1171
f 2744//1172 1021//1173 1642//1172
f 1645//1174 1022//1175 2285//1175
f 708//1176 1644//1177 676//1178
f 788//1179 1650//1180 784//1181
f 1654//1182 787//1182 1648//1182
f 1418//1183 1929//1184 2286//1185
f 1643//1186 2199//1186 1417//1186
f 675//1187 1416//1188 2288//1189
f 2198//1190 1649//1191 2332//1192
f 1646//1193 1420//1194 678//1195
f 1928//1196 1655//1196 2201//1196
f 2334//1197 1657//1198 1930//1199
f 2287//1200 370//1201 2200//1202
f 1419//1203 2333//1204 1931//1205
f 2202//1206 2335//1207 372//1208
f 1656//1209 2325//1210 786//1210
f 362//1211 369//1212 2203//1212
f 2331//1213 2326//1213 371//1214
f 367//1215 1652//1215 2328//1215
f 368//1216 1658//1217 1653//1217
f 2746//1218 1647//1218 709//1218
f 669//1219 707//1219 674//1219
f 673//1220 2327//1220 710//1220
f 785//1221 2330//1222 671//1223
f 1020//1224 670//1225 677//1225
f 360//1226 373//1226 2289//1226
f 790//1227 364//1228 672//1229
f 358//1230 359//1231 1024//1232
f 2329//1233 365//1233 2748//1233
f 363//1234 361//1235 366//1236
f 1072//1237 2598//1237 723//1237
f 2310//1238 1071//1238 1067//1238
f 721//1239 727//1239 1068//1239
f 2597//1240 2763//1241 1461//1242
f 1690//1243 1960//1244 2596//1244
f 729//1245 1457//1246 1093//1246
f 728//1247 746//1248 1458//1249
f 1069//1250 1095//1251 2311//1251
f 2312//1252 747//1253 730//1254
f 1459//1255 1961//1255 1096//1255
f 1456//1256 1460//1256 1962//1256
f 748//1257 1463//1258 380//1259
f 749//1260 1691//1261 1462//1262
f 383//1263 379//1264 381//1265
f 1094//1266 1689//1267 750//1268
f 2314//1269 1098//1269 382//1269
f 377//1270 384//1271 1097//1272
f 386//1273 378//1274 1692//1275
f 731//1276 2914//1276 2313//1276
f 724//1277 1464//1277 2917//1277
f 1466//1278 2764//1279 2916//1278
f 1959//1280 1465//1280 722//1280
f 725//1281 2918//1281 732//1281
f 2599//1282 1963//1282 726//1282
f 1075//1283 374//1283 1070//1283
f 2765//1284 2600//1284 1074//1284
f 387//1285 1073//1286 2915//1287
f 376//1288 375//1289 385//1290
f 1712//1291 1492//1291 1497//1291
f 1172//1292 1711//1293 2718//1294
f 1716//1295 1710//1296 1173//1297
f 2717//1298 1496//1298 1718//1298
f 1151//1299 2011//1299 2819//1299
f 2669//1300 1175//1301 2012//1302
f 2668//1303 1154//1304 2821//1305
f 2666//1306 2010//1307 1156//1306
f 2891//1308 1153//1309 2670//1310
f 1174//1311 1171//1312 2719//1313
f 2820//1314 1719//1314 1176//1314
f 2013//1315 2720//1316 2822//1317
f 1178//1318 2721//1318 394//1319
f 393//1320 392//1321 2722//1322
f 2823//1323 401//1323 390//1323
f 1155//1324 2014//1325 1149//1325
f 395//1326 396//1327 398//1328
f 1177//1329 1720//1330 397//1331
f 1484//1332 1495//1332 1490//1332
f 1491//1333 1150//1333 2890//1333
f 1717//1334 1498//1335 1485//1336
f 1487//1337 402//1338 2889//1337
f 2667//1339 1488//1340 400//1341
f 1714//1342 1721//1342 1489//1342
f 1713//1343 1486//1343 2675//1343
f 2676//1344 388//1345 2671//1346
f 2673//1347 2672//1348 1157//1348
f 1152//1349 2674//1350 391//1350
f 1493//1351 1715//1351 2677//1351
f 1494//1352 389//1353 399//1353
f 761//1354 768//1355 773//1356
f 1507//1357 774//1357 2646//1357
f 1914//1358 2162//1358 763//1358
f 2643//1359 1523//1360 1542//1361
f 1521//1362 771//1362 764//1362
f 2644//1363 1541//1364 1501//1365
f 2645//1366 2641//1367 1503//1368
f 765//1369 1518//1369 1535//1370
f 1519//1371 411//1371 2164//1372
f 2648//1373 1536//1374 2642//1375
f 1543//1376 1537//1377 2649//1378
f 1522//1379 2163//1380 769//1381
f 1520//1382 1517//1382 404//1383
f 1538//1384 413//1385 1524//1386
f 1511//1387 1544//1388 2647//1389
f 1509//1390 1500//1391 412//1392
f 1506//1393 414//1394 1499//1395
f 1540//1396 762//1397 1539//1398
f 1545//1399 1525//1399 767//1400
f 410//1401 416//1401 415//1401
f 2165//1402 1915//1402 1502//1402
f 772//1403 2166//1403 1504//1403
f 770//1404 1505//1404 1512//1404
f 775//1405 405//1406 1510//1407
f 1916//1408 766//1409 776//1410
f 2650//1411 777//1412 409//1413
f 1917//1414 403//1414 1508//1414
f 408//1415 406//1415 407//1415
f 2494//1416 2754//1417 2234//1417
f 2004//1418 2001//1418 1344//1418
f 2005//1419 1342//1419 1338//1419
f 1570//1420 2755//1421 2496//1422
f 1571//1423 2233//1424 423//1425
f 2228//1426 2232//1427 1572//1426
f 1343//1428 1569//1428 1789//1428
f 1563//1429 2230//1429 1568//1429
f 1345//1430 1566//1431 1573//1431
f 1340//1432 1346//1433 1792//1434
f 2229//1435 2495//1436 424//1437
f 2231//1438 1790//1438 2493//1438
f 427//1439 426//1440 418//1441
f 2002//1442 1339//1442 1564//1442
f 417//1443 1567//1444 420//1443
f 419//1445 422//1446 2003//1445
f 1341//1447 1791//1447 1565//1447
f 1793//1448 425//1449 421//1449
f 1240//1450 1243//1450 1286//1450
f 1829//1451 2043//1451 2401//1451
f 1830//1452 2402//1452 829//1452
f 2684//1453 1287//1454 1244//1453
f 833//1455 2682//1455 1280//1456
f 834//1457 2861//1458 2683//1458
f 1835//1459 828//1459 832//1459
f 830//1460 2860//1461 835//1462
f 2404//1463 2857//1463 831//1464
f 2859//1465 1834//1465 1282//1466
f 1836//1467 436//1467 1283//1468
f 2403//1469 1832//1470 437//1471
f 1828//1472 432//1473 1831//1474
f 2044//1475 431//1476 1833//1477
f 429//1478 438//1478 428//1478
f 2681//1479 1241//1480 1281//1481
f 2858//1482 1285//1483 435//1484
f 1279//1485 1284//1485 2862//1485
f 434//1486 430//1487 439//1488
f 2685//1489 433//1489 1242//1489
f 2426//1490 1730//1490 2399//1490
f 2952//1491 2679//1491 2791//1491
f 2953//1492 2790//1492 1371//1492
f 1606//1493 2427//1494 2400//1495
f 1548//1496 2422//1496 1604//1496
f 1550//1497 1735//1498 2424//1499
f 1366//1500 1546//1500 1603//1501
f 1549//1502 2792//1503 1737//1503
f 1370//1504 1547//1505 1365//1504
f 1731//1506 1605//1506 443//1506
f 2793//1507 1367//1508 1734//1509
f 1369//1510 1607//1511 1736//1512
f 2678//1513 1372//1514 1368//1515
f 442//1516 444//1516 445//1516
f 2680//1517 441//1517 2794//1517
f 440//1518 450//1518 1373//1519
f 1733//1520 1729//1521 2423//1521
f 449//1522 448//1523 1732//1524
f 2421//1525 2425//1526 1608//1527
f 447//1528 451//1529 446//1530
f 2907//1531 2943//1532 2959//1533
f 2727//1534 2428//1535 1882//1535
f 2728//1536 1885//1537 2788//1538
f 1355//1539 2942//1539 2908//1539
f 910//1540 915//1541 2944//1541
f 912//1542 2945//1543 1353//1544
f 1888//1545 911//1546 1881//1547
f 458//1548 918//1548 2960//1548
f 917//1549 2906//1549 454//1549
f 916//1550 1354//1551 459//1550
f 913//1552 1358//1553 919//1554
f 1356//1555 1351//1555 463//1555
f 1359//1556 1883//1557 1352//1558
f 1889//1559 2786//1560 1357//1560
f 2785//1561 1884//1562 464//1563
f 2429//1564 2784//1565 1890//1566
f 456//1567 2783//1568 2787//1569
f 2431//1570 462//1571 1887//1572
f 2789//1573 457//1573 2430//1573
f 455//1574 453//1574 452//1575
f 460//1576 461//1576 1886//1576
f 1360//1577 914//1578 1891//1579
f 2735//1580 2729//1580 1207//1580
f 587//1581 584//1581 582//1581
f 2549//1582 2731//1583 994//1584
f 2291//1585 2547//1586 1590//1585
f 589//1587 1251//1588 2290//1589
f 2293//1590 1258//1590 2550//1590
f 1589//1591 1584//1591 1257//1592
f 1593//1593 2548//1593 1585//1593
f 1250//1594 1256//1595 2294//1594
f 1254//1596 1592//1597 1260//1598
f 1259//1599 2733//1600 470//1601
f 475//1602 1587//1603 2730//1604
f 2551//1605 993//1605 1586//1605
f 588//1606 2292//1606 1633//1606
f 583//1607 1253//1608 590//1608
f 586//1609 1255//1610 468//1611
f 1635//1612 1591//1613 1252//1614
f 469//1615 479//1616 477//1617
f 1588//1618 990//1618 2732//1618
f 992//1619 987//1619 473//1619
f 585//1620 1634//1621 471//1622
f 474//1623 476//1624 1636//1623
f 989//1625 2736//1625 2508//1625
f 988//1626 2509//1627 1206//1626
f 2734//1628 472//1628 1208//1628
f 995//1629 2737//1630 991//1631
f 466//1632 2738//1633 478//1634
f 465//1635 467//1636 480//1636
f 1437//1637 2510//1638 2441//1637
f 2141//1639 1439//1639 2443//1639
f 2142//1640 2444//1640 2888//1640
f 2766//1641 1954//1642 1197//1643
f 2767//1644 1193//1645 1956//1646
f 1941//1647 2511//1648 1438//1649
f 1942//1650 2140//1651 2512//1652
f 1934//1653 1432//1653 2451//1653
f 1431//1654 1435//1654 2138//1654
f 1955//1655 2453//1655 2830//1656
f 1957//1657 1935//1658 485//1657
f 484//1659 1196//1659 1192//1659
f 2833//1660 1938//1661 1932//1662
f 490//1663 2452//1663 1940//1663
f 1433//1664 2143//1664 1939//1664
f 2454//1665 488//1666 1943//1667
f 1195//1668 1936//1668 1958//1668
f 2832//1669 1937//1670 1194//1671
f 1198//1672 2831//1673 493//1674
f 1933//1675 1436//1676 1434//1677
f 492//1678 489//1679 2834//1678
f 494//1680 486//1680 491//1680
f 2139//1681 2887//1681 2777//1681
f 2513//1682 481//1682 2778//1682
f 487//1683 2776//1683 2442//1683
f 495//1684 483//1684 482//1684
